term,month,posts_n
adm_prezidenta,2016-11,2
adm_prezidenta,2016-12,2
adm_prezidenta,2017-01,1
adm_prezidenta,2017-02,5
adm_prezidenta,2017-03,1
adm_prezidenta,2017-04,4
adm_prezidenta,2017-05,1
adm_prezidenta,2017-07,1
adm_prezidenta,2017-08,2
adm_prezidenta,2017-09,5
adm_prezidenta,2017-10,10
adm_prezidenta,2017-11,3
adm_prezidenta,2017-12,4
adm_prezidenta,2018-01,3
adm_prezidenta,2018-02,3
adm_prezidenta,2018-03,14
adm_prezidenta,2018-04,5
adm_prezidenta,2018-05,6
adm_prezidenta,2018-06,6
adm_prezidenta,2018-07,3
adm_prezidenta,2018-08,3
adm_prezidenta,2018-09,9
adm_prezidenta,2018-10,7
adm_prezidenta,2018-11,3
adm_prezidenta,2018-12,10
adm_prezidenta,2019-01,9
adm_prezidenta,2019-02,6
adm_prezidenta,2019-03,7
adm_prezidenta,2019-04,16
adm_prezidenta,2019-05,12
adm_prezidenta,2019-06,9
adm_prezidenta,2019-07,14
adm_prezidenta,2019-08,19
adm_prezidenta,2019-09,18
adm_prezidenta,2019-10,20
adm_prezidenta,2019-11,11
adm_prezidenta,2019-12,16
adm_prezidenta,2020-01,46
adm_prezidenta,2020-02,20
adm_prezidenta,2020-03,35
adm_prezidenta,2020-04,15
adm_prezidenta,2020-05,18
adm_prezidenta,2020-06,15
adm_prezidenta,2020-07,13
adm_prezidenta,2020-08,25
adm_prezidenta,2020-09,31
adm_prezidenta,2020-10,39
adm_prezidenta,2020-11,30
adm_prezidenta,2020-12,20
adm_prezidenta,2021-01,20
adm_prezidenta,2021-02,28
adm_prezidenta,2021-03,29
adm_prezidenta,2021-04,46
adm_prezidenta,2021-05,27
adm_prezidenta,2021-06,30
adm_prezidenta,2021-07,23
adm_prezidenta,2021-08,27
adm_prezidenta,2021-09,22
adm_prezidenta,2021-10,31
adm_prezidenta,2021-11,28
adm_prezidenta,2021-12,34
adm_prezidenta,2022-01,47
adm_prezidenta,2022-02,72
adm_prezidenta,2022-03,47
adm_prezidenta,2022-04,74
adm_prezidenta,2022-05,101
adm_prezidenta,2022-06,60
adm_prezidenta,2022-07,91
adm_prezidenta,2022-08,68
adm_prezidenta,2022-09,84
adm_prezidenta,2022-10,99
adm_prezidenta,2022-11,77
adm_prezidenta,2022-12,76
adm_prezidenta,2023-01,84
adm_prezidenta,2023-02,51
adm_prezidenta,2023-03,55
adm_prezidenta,2023-04,57
adm_prezidenta,2023-05,50
adm_prezidenta,2023-06,72
adm_prezidenta,2023-07,58
adm_prezidenta,2023-08,60
adm_prezidenta,2023-09,87
adm_prezidenta,2023-10,68
adm_prezidenta,2023-11,37
adm_prezidenta,2023-12,45
adm_prezidenta,2024-01,51
adm_prezidenta,2024-02,73
adm_prezidenta,2024-03,57
adm_prezidenta,2024-04,35
adm_prezidenta,2024-05,79
adm_prezidenta,2024-06,59
adm_prezidenta,2024-07,64
adm_prezidenta,2024-08,65
adm_prezidenta,2024-09,54
adm_prezidenta,2024-10,88
adm_prezidenta,2024-11,117
adm_prezidenta,2024-12,65
adm_prezidenta,2025-01,76
adm_prezidenta,2025-02,91
adm_prezidenta,2025-03,81
adm_prezidenta,2025-04,70
adm_prezidenta,2025-05,89
adm_prezidenta,2025-06,55
adm_prezidenta,2025-07,68
adm_prezidenta,2025-08,91
adm_prezidenta,2025-09,106
adm_prezidenta,2025-10,57
adm_prezidenta,2025-11,80
adm_prezidenta,2025-12,54
adm_prezidenta,2026-01,88
adm_prezidenta,2026-02,38
adm_prezidenta,2026-03,53
adm_prezidenta,2026-04,35
ap_abbr,2017-01,4
ap_abbr,2017-02,2
ap_abbr,2017-03,17
ap_abbr,2017-04,9
ap_abbr,2017-05,8
ap_abbr,2017-06,6
ap_abbr,2017-07,3
ap_abbr,2017-08,13
ap_abbr,2017-09,10
ap_abbr,2017-10,27
ap_abbr,2017-11,6
ap_abbr,2017-12,28
ap_abbr,2018-01,11
ap_abbr,2018-02,25
ap_abbr,2018-03,12
ap_abbr,2018-04,8
ap_abbr,2018-05,4
ap_abbr,2018-06,10
ap_abbr,2018-07,7
ap_abbr,2018-08,4
ap_abbr,2018-09,15
ap_abbr,2018-10,10
ap_abbr,2018-11,9
ap_abbr,2018-12,7
ap_abbr,2019-01,3
ap_abbr,2019-02,6
ap_abbr,2019-03,10
ap_abbr,2019-04,14
ap_abbr,2019-05,19
ap_abbr,2019-06,7
ap_abbr,2019-07,11
ap_abbr,2019-08,17
ap_abbr,2019-09,18
ap_abbr,2019-10,7
ap_abbr,2019-11,9
ap_abbr,2019-12,14
ap_abbr,2020-01,34
ap_abbr,2020-02,17
ap_abbr,2020-03,12
ap_abbr,2020-04,7
ap_abbr,2020-05,12
ap_abbr,2020-06,17
ap_abbr,2020-07,11
ap_abbr,2020-08,28
ap_abbr,2020-09,36
ap_abbr,2020-10,36
ap_abbr,2020-11,17
ap_abbr,2020-12,20
ap_abbr,2021-01,22
ap_abbr,2021-02,34
ap_abbr,2021-03,30
ap_abbr,2021-04,23
ap_abbr,2021-05,13
ap_abbr,2021-06,21
ap_abbr,2021-07,18
ap_abbr,2021-08,20
ap_abbr,2021-09,18
ap_abbr,2021-10,13
ap_abbr,2021-11,13
ap_abbr,2021-12,13
ap_abbr,2022-01,14
ap_abbr,2022-02,16
ap_abbr,2022-03,23
ap_abbr,2022-04,45
ap_abbr,2022-05,29
ap_abbr,2022-06,37
ap_abbr,2022-07,43
ap_abbr,2022-08,28
ap_abbr,2022-09,56
ap_abbr,2022-10,46
ap_abbr,2022-11,39
ap_abbr,2022-12,31
ap_abbr,2023-01,22
ap_abbr,2023-02,18
ap_abbr,2023-03,22
ap_abbr,2023-04,9
ap_abbr,2023-05,12
ap_abbr,2023-06,31
ap_abbr,2023-07,23
ap_abbr,2023-08,40
ap_abbr,2023-09,21
ap_abbr,2023-10,11
ap_abbr,2023-11,6
ap_abbr,2023-12,25
ap_abbr,2024-01,11
ap_abbr,2024-02,17
ap_abbr,2024-03,30
ap_abbr,2024-04,15
ap_abbr,2024-05,44
ap_abbr,2024-06,26
ap_abbr,2024-07,26
ap_abbr,2024-08,43
ap_abbr,2024-09,24
ap_abbr,2024-10,36
ap_abbr,2024-11,30
ap_abbr,2024-12,31
ap_abbr,2025-01,46
ap_abbr,2025-02,27
ap_abbr,2025-03,49
ap_abbr,2025-04,18
ap_abbr,2025-05,24
ap_abbr,2025-06,11
ap_abbr,2025-07,31
ap_abbr,2025-08,34
ap_abbr,2025-09,30
ap_abbr,2025-10,27
ap_abbr,2025-11,15
ap_abbr,2025-12,25
ap_abbr,2026-01,24
ap_abbr,2026-02,19
ap_abbr,2026-03,23
ap_abbr,2026-04,19
block,2016-11,8
block,2016-12,12
block,2017-01,20
block,2017-02,15
block,2017-03,10
block,2017-04,14
block,2017-05,19
block,2017-06,14
block,2017-07,18
block,2017-08,22
block,2017-09,40
block,2017-10,57
block,2017-11,35
block,2017-12,31
block,2018-01,28
block,2018-02,23
block,2018-03,45
block,2018-04,191
block,2018-05,80
block,2018-06,34
block,2018-07,25
block,2018-08,49
block,2018-09,41
block,2018-10,46
block,2018-11,65
block,2018-12,43
block,2019-01,39
block,2019-02,76
block,2019-03,45
block,2019-04,60
block,2019-05,47
block,2019-06,50
block,2019-07,84
block,2019-08,74
block,2019-09,76
block,2019-10,104
block,2019-11,75
block,2019-12,85
block,2020-01,154
block,2020-02,147
block,2020-03,178
block,2020-04,165
block,2020-05,251
block,2020-06,216
block,2020-07,132
block,2020-08,194
block,2020-09,141
block,2020-10,149
block,2020-11,168
block,2020-12,111
block,2021-01,332
block,2021-02,168
block,2021-03,243
block,2021-04,149
block,2021-05,169
block,2021-06,94
block,2021-07,155
block,2021-08,163
block,2021-09,207
block,2021-10,190
block,2021-11,160
block,2021-12,182
block,2022-01,217
block,2022-02,860
block,2022-03,2198
block,2022-04,1273
block,2022-05,1068
block,2022-06,704
block,2022-07,452
block,2022-08,358
block,2022-09,464
block,2022-10,438
block,2022-11,390
block,2022-12,431
block,2023-01,458
block,2023-02,306
block,2023-03,494
block,2023-04,488
block,2023-05,392
block,2023-06,488
block,2023-07,336
block,2023-08,262
block,2023-09,348
block,2023-10,412
block,2023-11,494
block,2023-12,571
block,2024-01,548
block,2024-02,656
block,2024-03,551
block,2024-04,460
block,2024-05,329
block,2024-06,365
block,2024-07,423
block,2024-08,421
block,2024-09,361
block,2024-10,564
block,2024-11,403
block,2024-12,446
block,2025-01,445
block,2025-02,315
block,2025-03,411
block,2025-04,290
block,2025-05,357
block,2025-06,351
block,2025-07,382
block,2025-08,436
block,2025-09,443
block,2025-10,485
block,2025-11,671
block,2025-12,557
block,2026-01,392
block,2026-02,1074
block,2026-03,1070
block,2026-04,868
boyarsky,2017-05,2
boyarsky,2017-06,2
boyarsky,2017-07,1
boyarsky,2017-09,1
boyarsky,2017-10,2
boyarsky,2017-11,2
boyarsky,2017-12,4
boyarsky,2018-02,4
boyarsky,2018-04,1
boyarsky,2018-05,4
boyarsky,2018-09,1
boyarsky,2018-12,1
boyarsky,2019-01,2
boyarsky,2019-02,1
boyarsky,2019-03,2
boyarsky,2019-05,2
boyarsky,2019-06,1
boyarsky,2019-07,2
boyarsky,2019-08,2
boyarsky,2019-09,1
boyarsky,2019-10,4
boyarsky,2019-11,4
boyarsky,2019-12,2
boyarsky,2020-01,1
boyarsky,2020-02,4
boyarsky,2020-03,4
boyarsky,2020-04,4
boyarsky,2020-06,3
boyarsky,2020-07,2
boyarsky,2020-09,5
boyarsky,2020-10,3
boyarsky,2020-11,1
boyarsky,2020-12,2
boyarsky,2021-02,1
boyarsky,2021-03,1
boyarsky,2021-05,3
boyarsky,2021-06,5
boyarsky,2021-07,6
boyarsky,2021-08,3
boyarsky,2021-09,2
boyarsky,2021-10,1
boyarsky,2021-11,3
boyarsky,2021-12,1
boyarsky,2022-02,3
boyarsky,2022-03,21
boyarsky,2022-04,3
boyarsky,2022-05,1
boyarsky,2022-06,1
boyarsky,2022-07,1
boyarsky,2022-08,4
boyarsky,2022-09,4
boyarsky,2022-10,1
boyarsky,2022-11,5
boyarsky,2023-01,3
boyarsky,2023-02,11
boyarsky,2023-03,4
boyarsky,2023-04,2
boyarsky,2023-05,2
boyarsky,2023-06,3
boyarsky,2023-07,2
boyarsky,2023-08,3
boyarsky,2023-09,4
boyarsky,2023-10,3
boyarsky,2023-11,10
boyarsky,2023-12,9
boyarsky,2024-01,5
boyarsky,2024-02,3
boyarsky,2024-03,6
boyarsky,2024-04,4
boyarsky,2024-05,1
boyarsky,2024-06,7
boyarsky,2024-07,4
boyarsky,2024-08,2
boyarsky,2024-09,4
boyarsky,2024-10,12
boyarsky,2024-11,2
boyarsky,2024-12,11
boyarsky,2025-01,4
boyarsky,2025-02,5
boyarsky,2025-03,1
boyarsky,2025-04,4
boyarsky,2025-05,5
boyarsky,2025-06,8
boyarsky,2025-07,17
boyarsky,2025-08,12
boyarsky,2025-09,1
boyarsky,2025-10,11
boyarsky,2025-11,15
boyarsky,2025-12,14
boyarsky,2026-01,11
boyarsky,2026-02,44
boyarsky,2026-03,14
boyarsky,2026-04,6
cenzura,2017-01,1
cenzura,2017-02,2
cenzura,2017-03,1
cenzura,2017-04,1
cenzura,2017-05,1
cenzura,2017-06,2
cenzura,2017-07,3
cenzura,2017-08,7
cenzura,2017-09,12
cenzura,2017-10,12
cenzura,2017-11,23
cenzura,2017-12,12
cenzura,2018-01,10
cenzura,2018-02,11
cenzura,2018-03,8
cenzura,2018-04,24
cenzura,2018-05,12
cenzura,2018-06,7
cenzura,2018-07,5
cenzura,2018-08,14
cenzura,2018-09,9
cenzura,2018-10,16
cenzura,2018-11,20
cenzura,2018-12,10
cenzura,2019-01,8
cenzura,2019-02,8
cenzura,2019-03,15
cenzura,2019-04,17
cenzura,2019-05,3
cenzura,2019-06,10
cenzura,2019-07,26
cenzura,2019-08,26
cenzura,2019-09,13
cenzura,2019-10,23
cenzura,2019-11,24
cenzura,2019-12,35
cenzura,2020-01,18
cenzura,2020-02,20
cenzura,2020-03,18
cenzura,2020-04,39
cenzura,2020-05,64
cenzura,2020-06,48
cenzura,2020-07,52
cenzura,2020-08,54
cenzura,2020-09,41
cenzura,2020-10,46
cenzura,2020-11,56
cenzura,2020-12,50
cenzura,2021-01,129
cenzura,2021-02,56
cenzura,2021-03,66
cenzura,2021-04,61
cenzura,2021-05,32
cenzura,2021-06,28
cenzura,2021-07,36
cenzura,2021-08,40
cenzura,2021-09,39
cenzura,2021-10,32
cenzura,2021-11,52
cenzura,2021-12,38
cenzura,2022-01,27
cenzura,2022-02,72
cenzura,2022-03,139
cenzura,2022-04,108
cenzura,2022-05,99
cenzura,2022-06,58
cenzura,2022-07,78
cenzura,2022-08,69
cenzura,2022-09,95
cenzura,2022-10,97
cenzura,2022-11,72
cenzura,2022-12,83
cenzura,2023-01,75
cenzura,2023-02,43
cenzura,2023-03,80
cenzura,2023-04,67
cenzura,2023-05,114
cenzura,2023-06,72
cenzura,2023-07,92
cenzura,2023-08,72
cenzura,2023-09,56
cenzura,2023-10,78
cenzura,2023-11,71
cenzura,2023-12,73
cenzura,2024-01,76
cenzura,2024-02,86
cenzura,2024-03,77
cenzura,2024-04,130
cenzura,2024-05,103
cenzura,2024-06,80
cenzura,2024-07,105
cenzura,2024-08,151
cenzura,2024-09,86
cenzura,2024-10,88
cenzura,2024-11,66
cenzura,2024-12,84
cenzura,2025-01,137
cenzura,2025-02,81
cenzura,2025-03,97
cenzura,2025-04,85
cenzura,2025-05,66
cenzura,2025-06,101
cenzura,2025-07,70
cenzura,2025-08,77
cenzura,2025-09,95
cenzura,2025-10,74
cenzura,2025-11,72
cenzura,2025-12,106
cenzura,2026-01,76
cenzura,2026-02,176
cenzura,2026-03,159
cenzura,2026-04,101
cmu_ssop,2022-08,1
cmu_ssop,2022-10,1
cmu_ssop,2024-10,1
ctx_platform_x_restrict,2017-03,1
ctx_platform_x_restrict,2017-04,1
ctx_platform_x_restrict,2017-05,5
ctx_platform_x_restrict,2017-06,2
ctx_platform_x_restrict,2017-07,2
ctx_platform_x_restrict,2017-08,2
ctx_platform_x_restrict,2017-09,6
ctx_platform_x_restrict,2017-10,9
ctx_platform_x_restrict,2017-11,7
ctx_platform_x_restrict,2017-12,9
ctx_platform_x_restrict,2018-01,10
ctx_platform_x_restrict,2018-02,9
ctx_platform_x_restrict,2018-03,8
ctx_platform_x_restrict,2018-04,140
ctx_platform_x_restrict,2018-05,39
ctx_platform_x_restrict,2018-06,9
ctx_platform_x_restrict,2018-07,6
ctx_platform_x_restrict,2018-08,9
ctx_platform_x_restrict,2018-09,12
ctx_platform_x_restrict,2018-10,10
ctx_platform_x_restrict,2018-11,14
ctx_platform_x_restrict,2018-12,18
ctx_platform_x_restrict,2019-01,10
ctx_platform_x_restrict,2019-02,12
ctx_platform_x_restrict,2019-03,10
ctx_platform_x_restrict,2019-04,20
ctx_platform_x_restrict,2019-05,10
ctx_platform_x_restrict,2019-06,16
ctx_platform_x_restrict,2019-07,19
ctx_platform_x_restrict,2019-08,20
ctx_platform_x_restrict,2019-09,26
ctx_platform_x_restrict,2019-10,24
ctx_platform_x_restrict,2019-11,24
ctx_platform_x_restrict,2019-12,25
ctx_platform_x_restrict,2020-01,18
ctx_platform_x_restrict,2020-02,21
ctx_platform_x_restrict,2020-03,26
ctx_platform_x_restrict,2020-04,40
ctx_platform_x_restrict,2020-05,98
ctx_platform_x_restrict,2020-06,70
ctx_platform_x_restrict,2020-07,56
ctx_platform_x_restrict,2020-08,39
ctx_platform_x_restrict,2020-09,37
ctx_platform_x_restrict,2020-10,52
ctx_platform_x_restrict,2020-11,63
ctx_platform_x_restrict,2020-12,37
ctx_platform_x_restrict,2021-01,100
ctx_platform_x_restrict,2021-02,65
ctx_platform_x_restrict,2021-03,56
ctx_platform_x_restrict,2021-04,55
ctx_platform_x_restrict,2021-05,43
ctx_platform_x_restrict,2021-06,28
ctx_platform_x_restrict,2021-07,35
ctx_platform_x_restrict,2021-08,37
ctx_platform_x_restrict,2021-09,65
ctx_platform_x_restrict,2021-10,50
ctx_platform_x_restrict,2021-11,44
ctx_platform_x_restrict,2021-12,40
ctx_platform_x_restrict,2022-01,40
ctx_platform_x_restrict,2022-02,136
ctx_platform_x_restrict,2022-03,393
ctx_platform_x_restrict,2022-04,165
ctx_platform_x_restrict,2022-05,96
ctx_platform_x_restrict,2022-06,92
ctx_platform_x_restrict,2022-07,68
ctx_platform_x_restrict,2022-08,58
ctx_platform_x_restrict,2022-09,64
ctx_platform_x_restrict,2022-10,118
ctx_platform_x_restrict,2022-11,60
ctx_platform_x_restrict,2022-12,49
ctx_platform_x_restrict,2023-01,61
ctx_platform_x_restrict,2023-02,63
ctx_platform_x_restrict,2023-03,53
ctx_platform_x_restrict,2023-04,53
ctx_platform_x_restrict,2023-05,65
ctx_platform_x_restrict,2023-06,53
ctx_platform_x_restrict,2023-07,52
ctx_platform_x_restrict,2023-08,58
ctx_platform_x_restrict,2023-09,91
ctx_platform_x_restrict,2023-10,128
ctx_platform_x_restrict,2023-11,72
ctx_platform_x_restrict,2023-12,60
ctx_platform_x_restrict,2024-01,73
ctx_platform_x_restrict,2024-02,110
ctx_platform_x_restrict,2024-03,155
ctx_platform_x_restrict,2024-04,181
ctx_platform_x_restrict,2024-05,118
ctx_platform_x_restrict,2024-06,117
ctx_platform_x_restrict,2024-07,238
ctx_platform_x_restrict,2024-08,259
ctx_platform_x_restrict,2024-09,130
ctx_platform_x_restrict,2024-10,183
ctx_platform_x_restrict,2024-11,86
ctx_platform_x_restrict,2024-12,165
ctx_platform_x_restrict,2025-01,81
ctx_platform_x_restrict,2025-02,64
ctx_platform_x_restrict,2025-03,96
ctx_platform_x_restrict,2025-04,85
ctx_platform_x_restrict,2025-05,77
ctx_platform_x_restrict,2025-06,80
ctx_platform_x_restrict,2025-07,163
ctx_platform_x_restrict,2025-08,221
ctx_platform_x_restrict,2025-09,231
ctx_platform_x_restrict,2025-10,278
ctx_platform_x_restrict,2025-11,311
ctx_platform_x_restrict,2025-12,187
ctx_platform_x_restrict,2026-01,197
ctx_platform_x_restrict,2026-02,875
ctx_platform_x_restrict,2026-03,589
ctx_platform_x_restrict,2026-04,380
fas_svyaz,2017-09,2
fas_svyaz,2017-10,1
fas_svyaz,2017-11,3
fas_svyaz,2017-12,1
fas_svyaz,2018-02,3
fas_svyaz,2018-03,2
fas_svyaz,2018-04,2
fas_svyaz,2018-06,1
fas_svyaz,2018-07,2
fas_svyaz,2018-08,2
fas_svyaz,2018-09,2
fas_svyaz,2018-11,2
fas_svyaz,2018-12,5
fas_svyaz,2019-01,3
fas_svyaz,2019-02,4
fas_svyaz,2019-03,1
fas_svyaz,2019-05,1
fas_svyaz,2019-06,1
fas_svyaz,2019-07,1
fas_svyaz,2019-08,4
fas_svyaz,2019-09,5
fas_svyaz,2019-10,3
fas_svyaz,2019-11,2
fas_svyaz,2019-12,2
fas_svyaz,2020-01,3
fas_svyaz,2020-02,2
fas_svyaz,2020-03,5
fas_svyaz,2020-04,1
fas_svyaz,2020-05,3
fas_svyaz,2020-06,7
fas_svyaz,2020-07,4
fas_svyaz,2020-08,4
fas_svyaz,2020-09,4
fas_svyaz,2020-10,7
fas_svyaz,2020-11,10
fas_svyaz,2020-12,6
fas_svyaz,2021-01,1
fas_svyaz,2021-02,9
fas_svyaz,2021-03,1
fas_svyaz,2021-04,8
fas_svyaz,2021-05,4
fas_svyaz,2021-06,3
fas_svyaz,2021-07,2
fas_svyaz,2021-08,7
fas_svyaz,2021-09,3
fas_svyaz,2021-10,2
fas_svyaz,2021-11,8
fas_svyaz,2021-12,9
fas_svyaz,2022-01,6
fas_svyaz,2022-02,16
fas_svyaz,2022-03,66
fas_svyaz,2022-04,7
fas_svyaz,2022-05,8
fas_svyaz,2022-06,3
fas_svyaz,2022-07,19
fas_svyaz,2022-08,10
fas_svyaz,2022-09,22
fas_svyaz,2022-10,16
fas_svyaz,2022-11,10
fas_svyaz,2022-12,10
fas_svyaz,2023-01,11
fas_svyaz,2023-02,7
fas_svyaz,2023-03,8
fas_svyaz,2023-04,4
fas_svyaz,2023-05,11
fas_svyaz,2023-06,9
fas_svyaz,2023-07,9
fas_svyaz,2023-08,3
fas_svyaz,2023-09,9
fas_svyaz,2023-10,25
fas_svyaz,2023-11,19
fas_svyaz,2023-12,20
fas_svyaz,2024-01,12
fas_svyaz,2024-02,17
fas_svyaz,2024-03,18
fas_svyaz,2024-04,32
fas_svyaz,2024-05,8
fas_svyaz,2024-06,11
fas_svyaz,2024-07,13
fas_svyaz,2024-08,12
fas_svyaz,2024-09,7
fas_svyaz,2024-10,14
fas_svyaz,2024-11,8
fas_svyaz,2024-12,6
fas_svyaz,2025-01,3
fas_svyaz,2025-02,12
fas_svyaz,2025-03,13
fas_svyaz,2025-04,8
fas_svyaz,2025-05,5
fas_svyaz,2025-06,7
fas_svyaz,2025-07,11
fas_svyaz,2025-08,8
fas_svyaz,2025-09,4
fas_svyaz,2025-10,15
fas_svyaz,2025-11,14
fas_svyaz,2025-12,13
fas_svyaz,2026-01,9
fas_svyaz,2026-02,17
fas_svyaz,2026-03,69
fas_svyaz,2026-04,23
garant,2016-11,1
garant,2016-12,1
garant,2017-01,1
garant,2017-03,1
garant,2017-09,1
garant,2017-10,10
garant,2017-11,3
garant,2017-12,6
garant,2018-01,6
garant,2018-02,5
garant,2018-03,3
garant,2018-04,5
garant,2018-05,1
garant,2018-06,1
garant,2018-07,3
garant,2018-08,9
garant,2018-09,2
garant,2018-10,6
garant,2018-11,2
garant,2018-12,2
garant,2019-01,2
garant,2019-02,4
garant,2019-03,8
garant,2019-04,8
garant,2019-05,2
garant,2019-06,6
garant,2019-07,9
garant,2019-08,8
garant,2019-09,5
garant,2019-10,23
garant,2019-11,7
garant,2019-12,12
garant,2020-01,18
garant,2020-02,22
garant,2020-03,11
garant,2020-04,8
garant,2020-05,7
garant,2020-06,12
garant,2020-07,7
garant,2020-08,17
garant,2020-09,26
garant,2020-10,12
garant,2020-11,24
garant,2020-12,12
garant,2021-01,7
garant,2021-02,9
garant,2021-03,11
garant,2021-04,13
garant,2021-05,10
garant,2021-06,11
garant,2021-07,19
garant,2021-08,4
garant,2021-09,8
garant,2021-10,9
garant,2021-11,16
garant,2021-12,18
garant,2022-01,13
garant,2022-02,22
garant,2022-03,43
garant,2022-04,37
garant,2022-05,20
garant,2022-06,9
garant,2022-07,19
garant,2022-08,8
garant,2022-09,14
garant,2022-10,31
garant,2022-11,19
garant,2022-12,45
garant,2023-01,27
garant,2023-02,10
garant,2023-03,26
garant,2023-04,12
garant,2023-05,11
garant,2023-06,20
garant,2023-07,11
garant,2023-08,19
garant,2023-09,21
garant,2023-10,12
garant,2023-11,15
garant,2023-12,26
garant,2024-01,11
garant,2024-02,30
garant,2024-03,14
garant,2024-04,16
garant,2024-05,12
garant,2024-06,18
garant,2024-07,13
garant,2024-08,12
garant,2024-09,18
garant,2024-10,29
garant,2024-11,33
garant,2024-12,22
garant,2025-01,14
garant,2025-02,43
garant,2025-03,18
garant,2025-04,27
garant,2025-05,16
garant,2025-06,10
garant,2025-07,15
garant,2025-08,31
garant,2025-09,17
garant,2025-10,26
garant,2025-11,22
garant,2025-12,44
garant,2026-01,27
garant,2026-02,20
garant,2026-03,17
garant,2026-04,18
gorelkin,2019-07,3
gorelkin,2019-09,1
gorelkin,2019-10,3
gorelkin,2019-11,3
gorelkin,2020-03,1
gorelkin,2020-06,1
gorelkin,2020-07,1
gorelkin,2020-11,1
gorelkin,2021-05,2
gorelkin,2021-12,1
gorelkin,2022-01,2
gorelkin,2022-02,4
gorelkin,2022-03,8
gorelkin,2022-04,6
gorelkin,2022-05,3
gorelkin,2022-06,3
gorelkin,2022-07,4
gorelkin,2022-08,8
gorelkin,2022-09,1
gorelkin,2022-10,3
gorelkin,2022-11,3
gorelkin,2022-12,6
gorelkin,2023-01,5
gorelkin,2023-03,5
gorelkin,2023-04,8
gorelkin,2023-05,8
gorelkin,2023-06,7
gorelkin,2023-07,4
gorelkin,2023-08,1
gorelkin,2023-09,13
gorelkin,2023-10,10
gorelkin,2023-11,3
gorelkin,2023-12,8
gorelkin,2024-01,1
gorelkin,2024-02,3
gorelkin,2024-03,7
gorelkin,2024-04,2
gorelkin,2024-05,5
gorelkin,2024-06,8
gorelkin,2024-07,9
gorelkin,2024-08,2
gorelkin,2024-09,3
gorelkin,2024-10,7
gorelkin,2024-11,2
gorelkin,2024-12,2
gorelkin,2025-02,2
gorelkin,2025-03,1
gorelkin,2025-04,13
gorelkin,2025-05,3
gorelkin,2025-06,5
gorelkin,2025-07,17
gorelkin,2025-08,4
gorelkin,2025-09,1
gorelkin,2025-10,2
gorelkin,2025-11,2
gorelkin,2025-12,16
gorelkin,2026-01,3
gorelkin,2026-02,17
gorelkin,2026-03,10
gorelkin,2026-04,6
grchc,2017-10,1
grchc,2021-06,1
grchc,2022-08,1
grchc,2022-11,2
grchc,2023-02,2
grchc,2025-02,3
grchc,2026-01,1
gromov,2016-12,2
gromov,2017-01,1
gromov,2017-02,4
gromov,2017-03,5
gromov,2017-04,1
gromov,2017-05,4
gromov,2017-06,1
gromov,2017-09,1
gromov,2017-10,3
gromov,2017-11,5
gromov,2017-12,6
gromov,2018-01,4
gromov,2018-02,3
gromov,2018-03,2
gromov,2018-04,2
gromov,2018-05,2
gromov,2018-06,1
gromov,2018-07,2
gromov,2018-08,5
gromov,2018-09,5
gromov,2018-10,8
gromov,2018-11,8
gromov,2019-01,1
gromov,2019-02,1
gromov,2019-03,2
gromov,2019-04,7
gromov,2019-05,1
gromov,2019-06,1
gromov,2019-07,6
gromov,2019-08,7
gromov,2019-09,5
gromov,2019-10,1
gromov,2019-11,3
gromov,2019-12,3
gromov,2020-01,3
gromov,2020-02,6
gromov,2020-03,2
gromov,2020-04,4
gromov,2020-05,1
gromov,2020-06,5
gromov,2020-07,9
gromov,2020-08,3
gromov,2020-09,1
gromov,2020-11,4
gromov,2020-12,3
gromov,2021-01,4
gromov,2021-02,11
gromov,2021-03,2
gromov,2021-04,4
gromov,2021-05,4
gromov,2021-07,9
gromov,2021-08,8
gromov,2021-09,4
gromov,2021-10,5
gromov,2021-11,3
gromov,2021-12,2
gromov,2022-01,4
gromov,2022-02,12
gromov,2022-03,7
gromov,2022-04,28
gromov,2022-05,9
gromov,2022-06,15
gromov,2022-07,12
gromov,2022-08,18
gromov,2022-09,10
gromov,2022-10,25
gromov,2022-11,12
gromov,2022-12,9
gromov,2023-01,9
gromov,2023-02,11
gromov,2023-03,4
gromov,2023-04,14
gromov,2023-05,5
gromov,2023-06,6
gromov,2023-07,20
gromov,2023-08,7
gromov,2023-09,7
gromov,2023-10,5
gromov,2023-11,7
gromov,2023-12,6
gromov,2024-01,6
gromov,2024-02,16
gromov,2024-03,9
gromov,2024-04,8
gromov,2024-05,23
gromov,2024-06,8
gromov,2024-07,3
gromov,2024-08,13
gromov,2024-09,14
gromov,2024-10,13
gromov,2024-11,16
gromov,2024-12,7
gromov,2025-01,9
gromov,2025-02,13
gromov,2025-03,7
gromov,2025-04,6
gromov,2025-05,6
gromov,2025-06,10
gromov,2025-07,4
gromov,2025-08,13
gromov,2025-09,12
gromov,2025-10,14
gromov,2025-11,7
gromov,2025-12,6
gromov,2026-01,8
gromov,2026-02,11
gromov,2026-03,11
gromov,2026-04,2
kabmin,2016-12,1
kabmin,2017-03,3
kabmin,2017-04,1
kabmin,2017-05,1
kabmin,2017-06,2
kabmin,2017-08,2
kabmin,2017-10,1
kabmin,2017-11,2
kabmin,2017-12,2
kabmin,2018-01,2
kabmin,2018-02,3
kabmin,2018-03,3
kabmin,2018-04,7
kabmin,2018-05,6
kabmin,2018-06,1
kabmin,2018-07,3
kabmin,2018-08,1
kabmin,2018-09,1
kabmin,2018-11,2
kabmin,2018-12,3
kabmin,2019-02,3
kabmin,2019-03,3
kabmin,2019-04,3
kabmin,2019-05,2
kabmin,2019-06,8
kabmin,2019-07,8
kabmin,2019-08,16
kabmin,2019-09,10
kabmin,2019-10,18
kabmin,2019-11,8
kabmin,2019-12,19
kabmin,2020-01,61
kabmin,2020-02,15
kabmin,2020-03,68
kabmin,2020-04,47
kabmin,2020-05,25
kabmin,2020-06,8
kabmin,2020-07,8
kabmin,2020-08,22
kabmin,2020-09,28
kabmin,2020-10,8
kabmin,2020-11,16
kabmin,2020-12,18
kabmin,2021-01,9
kabmin,2021-02,11
kabmin,2021-03,28
kabmin,2021-04,28
kabmin,2021-05,37
kabmin,2021-06,32
kabmin,2021-07,20
kabmin,2021-08,29
kabmin,2021-09,30
kabmin,2021-10,21
kabmin,2021-11,22
kabmin,2021-12,19
kabmin,2022-01,34
kabmin,2022-02,59
kabmin,2022-03,90
kabmin,2022-04,63
kabmin,2022-05,44
kabmin,2022-06,53
kabmin,2022-07,68
kabmin,2022-08,51
kabmin,2022-09,48
kabmin,2022-10,73
kabmin,2022-11,55
kabmin,2022-12,78
kabmin,2023-01,122
kabmin,2023-02,78
kabmin,2023-03,71
kabmin,2023-04,65
kabmin,2023-05,62
kabmin,2023-06,57
kabmin,2023-07,54
kabmin,2023-08,67
kabmin,2023-09,110
kabmin,2023-10,66
kabmin,2023-11,103
kabmin,2023-12,86
kabmin,2024-01,89
kabmin,2024-02,69
kabmin,2024-03,66
kabmin,2024-04,95
kabmin,2024-05,155
kabmin,2024-06,76
kabmin,2024-07,63
kabmin,2024-08,66
kabmin,2024-09,79
kabmin,2024-10,81
kabmin,2024-11,83
kabmin,2024-12,79
kabmin,2025-01,38
kabmin,2025-02,36
kabmin,2025-03,34
kabmin,2025-04,40
kabmin,2025-05,60
kabmin,2025-06,48
kabmin,2025-07,43
kabmin,2025-08,39
kabmin,2025-09,138
kabmin,2025-10,52
kabmin,2025-11,44
kabmin,2025-12,43
kabmin,2026-01,22
kabmin,2026-02,35
kabmin,2026-03,27
kabmin,2026-04,12
kirienko,2017-03,1
kirienko,2017-04,1
kirienko,2017-06,2
kirienko,2017-07,1
kirienko,2017-09,5
kirienko,2017-10,9
kirienko,2017-11,3
kirienko,2017-12,4
kirienko,2018-01,1
kirienko,2018-02,6
kirienko,2018-03,1
kirienko,2018-04,2
kirienko,2018-06,6
kirienko,2018-07,2
kirienko,2018-08,2
kirienko,2018-09,6
kirienko,2018-10,2
kirienko,2018-12,1
kirienko,2019-01,1
kirienko,2019-02,1
kirienko,2019-03,4
kirienko,2019-04,2
kirienko,2019-05,3
kirienko,2019-06,1
kirienko,2019-07,2
kirienko,2019-08,6
kirienko,2019-09,4
kirienko,2019-10,7
kirienko,2019-11,3
kirienko,2019-12,2
kirienko,2020-01,4
kirienko,2020-02,8
kirienko,2020-03,4
kirienko,2020-04,1
kirienko,2020-05,4
kirienko,2020-06,6
kirienko,2020-07,3
kirienko,2020-08,5
kirienko,2020-09,13
kirienko,2020-10,18
kirienko,2020-11,4
kirienko,2020-12,3
kirienko,2021-01,8
kirienko,2021-02,3
kirienko,2021-03,11
kirienko,2021-04,3
kirienko,2021-05,12
kirienko,2021-06,10
kirienko,2021-07,4
kirienko,2021-08,3
kirienko,2021-09,7
kirienko,2021-10,3
kirienko,2021-11,3
kirienko,2021-12,10
kirienko,2022-01,5
kirienko,2022-02,10
kirienko,2022-03,8
kirienko,2022-04,26
kirienko,2022-05,105
kirienko,2022-06,58
kirienko,2022-07,86
kirienko,2022-08,54
kirienko,2022-09,50
kirienko,2022-10,68
kirienko,2022-11,41
kirienko,2022-12,64
kirienko,2023-01,28
kirienko,2023-02,27
kirienko,2023-03,29
kirienko,2023-04,46
kirienko,2023-05,31
kirienko,2023-06,58
kirienko,2023-07,46
kirienko,2023-08,31
kirienko,2023-09,45
kirienko,2023-10,14
kirienko,2023-11,22
kirienko,2023-12,24
kirienko,2024-01,23
kirienko,2024-02,30
kirienko,2024-03,38
kirienko,2024-04,16
kirienko,2024-05,35
kirienko,2024-06,19
kirienko,2024-07,33
kirienko,2024-08,44
kirienko,2024-09,25
kirienko,2024-10,31
kirienko,2024-11,64
kirienko,2024-12,29
kirienko,2025-01,32
kirienko,2025-02,28
kirienko,2025-03,28
kirienko,2025-04,14
kirienko,2025-05,44
kirienko,2025-06,23
kirienko,2025-07,32
kirienko,2025-08,40
kirienko,2025-09,73
kirienko,2025-10,20
kirienko,2025-11,46
kirienko,2025-12,26
kirienko,2026-01,32
kirienko,2026-02,8
kirienko,2026-03,36
kirienko,2026-04,16
klishas,2018-02,1
klishas,2019-01,4
klishas,2019-02,1
klishas,2019-03,4
klishas,2019-07,1
klishas,2019-10,2
klishas,2019-11,2
klishas,2019-12,1
klishas,2020-01,9
klishas,2020-02,16
klishas,2020-03,7
klishas,2020-04,4
klishas,2020-05,1
klishas,2020-06,1
klishas,2020-07,7
klishas,2020-10,4
klishas,2020-11,7
klishas,2021-01,1
klishas,2021-03,2
klishas,2021-06,2
klishas,2021-07,3
klishas,2021-09,5
klishas,2021-10,2
klishas,2021-11,5
klishas,2021-12,2
klishas,2022-02,8
klishas,2022-03,41
klishas,2022-04,25
klishas,2022-05,33
klishas,2022-06,10
klishas,2022-07,26
klishas,2022-08,11
klishas,2022-09,14
klishas,2022-10,32
klishas,2022-11,26
klishas,2022-12,17
klishas,2023-01,11
klishas,2023-02,3
klishas,2023-03,7
klishas,2023-04,3
klishas,2023-05,3
klishas,2023-06,14
klishas,2023-07,5
klishas,2023-08,14
klishas,2023-09,3
klishas,2023-10,5
klishas,2023-11,4
klishas,2023-12,8
klishas,2024-03,4
klishas,2024-04,2
klishas,2024-05,1
klishas,2024-06,26
klishas,2024-07,16
klishas,2024-08,13
klishas,2024-09,8
klishas,2024-10,10
klishas,2024-11,5
klishas,2024-12,9
klishas,2025-01,2
klishas,2025-02,3
klishas,2025-03,5
klishas,2025-04,3
klishas,2025-05,14
klishas,2025-06,14
klishas,2025-07,11
klishas,2025-08,2
klishas,2025-09,4
klishas,2025-10,3
klishas,2025-11,2
klishas,2025-12,3
klishas,2026-01,6
klishas,2026-02,6
klishas,2026-03,4
klishas,2026-04,1
kreml,2016-07,1
kreml,2016-08,1
kreml,2016-11,5
kreml,2016-12,10
kreml,2017-01,13
kreml,2017-02,17
kreml,2017-03,18
kreml,2017-04,9
kreml,2017-05,11
kreml,2017-06,16
kreml,2017-07,11
kreml,2017-08,10
kreml,2017-09,48
kreml,2017-10,82
kreml,2017-11,59
kreml,2017-12,65
kreml,2018-01,53
kreml,2018-02,48
kreml,2018-03,52
kreml,2018-04,44
kreml,2018-05,59
kreml,2018-06,38
kreml,2018-07,27
kreml,2018-08,53
kreml,2018-09,71
kreml,2018-10,55
kreml,2018-11,68
kreml,2018-12,81
kreml,2019-01,38
kreml,2019-02,29
kreml,2019-03,68
kreml,2019-04,54
kreml,2019-05,49
kreml,2019-06,51
kreml,2019-07,127
kreml,2019-08,203
kreml,2019-09,137
kreml,2019-10,138
kreml,2019-11,133
kreml,2019-12,144
kreml,2020-01,180
kreml,2020-02,173
kreml,2020-03,173
kreml,2020-04,160
kreml,2020-05,134
kreml,2020-06,179
kreml,2020-07,169
kreml,2020-08,193
kreml,2020-09,234
kreml,2020-10,217
kreml,2020-11,184
kreml,2020-12,176
kreml,2021-01,222
kreml,2021-02,279
kreml,2021-03,245
kreml,2021-04,364
kreml,2021-05,208
kreml,2021-06,253
kreml,2021-07,228
kreml,2021-08,121
kreml,2021-09,179
kreml,2021-10,233
kreml,2021-11,246
kreml,2021-12,340
kreml,2022-01,297
kreml,2022-02,564
kreml,2022-03,575
kreml,2022-04,424
kreml,2022-05,435
kreml,2022-06,369
kreml,2022-07,357
kreml,2022-08,312
kreml,2022-09,657
kreml,2022-10,474
kreml,2022-11,412
kreml,2022-12,808
kreml,2023-01,759
kreml,2023-02,695
kreml,2023-03,951
kreml,2023-04,708
kreml,2023-05,1466
kreml,2023-06,1018
kreml,2023-07,613
kreml,2023-08,311
kreml,2023-09,350
kreml,2023-10,314
kreml,2023-11,287
kreml,2023-12,400
kreml,2024-01,251
kreml,2024-02,380
kreml,2024-03,398
kreml,2024-04,273
kreml,2024-05,428
kreml,2024-06,319
kreml,2024-07,303
kreml,2024-08,297
kreml,2024-09,295
kreml,2024-10,299
kreml,2024-11,441
kreml,2024-12,421
kreml,2025-01,322
kreml,2025-02,429
kreml,2025-03,551
kreml,2025-04,397
kreml,2025-05,699
kreml,2025-06,328
kreml,2025-07,398
kreml,2025-08,495
kreml,2025-09,359
kreml,2025-10,475
kreml,2025-11,599
kreml,2025-12,869
kreml,2026-01,451
kreml,2026-02,464
kreml,2026-03,394
kreml,2026-04,293
lipov,2017-10,2
lipov,2017-12,1
lipov,2018-09,1
lipov,2018-11,1
lipov,2019-02,2
lipov,2019-03,2
lipov,2019-07,1
lipov,2019-08,1
lipov,2019-12,1
lipov,2020-02,6
lipov,2020-03,1
lipov,2020-06,4
lipov,2020-07,1
lipov,2020-08,2
lipov,2020-09,1
lipov,2020-12,3
lipov,2021-01,3
lipov,2021-02,6
lipov,2021-03,6
lipov,2021-04,4
lipov,2021-05,1
lipov,2021-07,1
lipov,2021-08,3
lipov,2021-10,2
lipov,2021-12,2
lipov,2022-01,2
lipov,2022-02,8
lipov,2022-03,1
lipov,2022-04,3
lipov,2022-05,1
lipov,2022-06,6
lipov,2022-07,4
lipov,2022-09,4
lipov,2022-10,5
lipov,2023-01,1
lipov,2023-02,2
lipov,2023-04,2
lipov,2023-05,9
lipov,2023-06,2
lipov,2023-07,3
lipov,2023-08,2
lipov,2023-09,3
lipov,2023-10,4
lipov,2023-11,4
lipov,2023-12,2
lipov,2024-01,1
lipov,2024-03,2
lipov,2024-04,1
lipov,2024-05,3
lipov,2024-06,1
lipov,2024-07,6
lipov,2024-08,1
lipov,2024-09,1
lipov,2024-10,6
lipov,2024-11,6
lipov,2024-12,1
lipov,2025-01,3
lipov,2025-02,6
lipov,2025-03,1
lipov,2025-04,4
lipov,2025-05,1
lipov,2025-06,7
lipov,2025-07,4
lipov,2025-08,3
lipov,2025-09,6
lipov,2025-10,4
lipov,2025-11,1
lipov,2025-12,2
lipov,2026-01,2
lipov,2026-02,6
matvienko,2017-04,1
matvienko,2017-09,4
matvienko,2017-10,3
matvienko,2017-12,2
matvienko,2018-01,2
matvienko,2018-02,1
matvienko,2018-03,1
matvienko,2018-04,1
matvienko,2018-05,4
matvienko,2018-06,1
matvienko,2018-07,1
matvienko,2018-10,2
matvienko,2018-11,1
matvienko,2018-12,2
matvienko,2019-01,6
matvienko,2019-02,2
matvienko,2019-03,1
matvienko,2019-04,4
matvienko,2019-05,3
matvienko,2019-06,2
matvienko,2019-07,14
matvienko,2019-09,4
matvienko,2019-10,2
matvienko,2019-11,2
matvienko,2019-12,5
matvienko,2020-01,9
matvienko,2020-02,3
matvienko,2020-03,17
matvienko,2020-04,9
matvienko,2020-05,4
matvienko,2020-07,10
matvienko,2020-08,3
matvienko,2020-09,3
matvienko,2020-10,6
matvienko,2020-11,5
matvienko,2020-12,5
matvienko,2021-01,2
matvienko,2021-02,2
matvienko,2021-03,7
matvienko,2021-04,5
matvienko,2021-05,4
matvienko,2021-06,6
matvienko,2021-07,8
matvienko,2021-08,1
matvienko,2021-09,9
matvienko,2021-10,6
matvienko,2021-11,1
matvienko,2021-12,5
matvienko,2022-01,6
matvienko,2022-02,84
matvienko,2022-03,20
matvienko,2022-04,25
matvienko,2022-05,30
matvienko,2022-06,29
matvienko,2022-07,15
matvienko,2022-08,1
matvienko,2022-09,29
matvienko,2022-10,48
matvienko,2022-11,8
matvienko,2022-12,29
matvienko,2023-01,6
matvienko,2023-02,36
matvienko,2023-03,9
matvienko,2023-04,27
matvienko,2023-05,6
matvienko,2023-06,23
matvienko,2023-07,32
matvienko,2023-08,9
matvienko,2023-09,12
matvienko,2023-10,15
matvienko,2023-11,34
matvienko,2023-12,25
matvienko,2024-01,10
matvienko,2024-02,11
matvienko,2024-03,21
matvienko,2024-04,16
matvienko,2024-05,24
matvienko,2024-06,10
matvienko,2024-07,23
matvienko,2024-08,38
matvienko,2024-09,27
matvienko,2024-10,18
matvienko,2024-11,37
matvienko,2024-12,32
matvienko,2025-01,23
matvienko,2025-02,20
matvienko,2025-03,20
matvienko,2025-04,15
matvienko,2025-05,3
matvienko,2025-06,8
matvienko,2025-07,22
matvienko,2025-08,6
matvienko,2025-09,4
matvienko,2025-10,23
matvienko,2025-11,14
matvienko,2025-12,4
matvienko,2026-01,10
matvienko,2026-02,10
matvienko,2026-03,2
matvienko,2026-04,39
max_messenger,2016-11,1
max_messenger,2016-12,1
max_messenger,2017-02,1
max_messenger,2017-04,2
max_messenger,2017-10,2
max_messenger,2018-01,1
max_messenger,2018-03,1
max_messenger,2018-04,1
max_messenger,2018-05,2
max_messenger,2018-06,1
max_messenger,2018-07,1
max_messenger,2018-09,1
max_messenger,2018-10,2
max_messenger,2018-11,3
max_messenger,2018-12,2
max_messenger,2019-01,1
max_messenger,2019-03,8
max_messenger,2019-04,1
max_messenger,2019-05,5
max_messenger,2019-06,9
max_messenger,2019-07,3
max_messenger,2019-08,1
max_messenger,2019-09,1
max_messenger,2019-10,3
max_messenger,2019-11,1
max_messenger,2019-12,1
max_messenger,2020-01,6
max_messenger,2020-02,4
max_messenger,2020-03,1
max_messenger,2020-04,11
max_messenger,2020-05,2
max_messenger,2020-06,5
max_messenger,2020-07,1
max_messenger,2020-08,1
max_messenger,2020-09,1
max_messenger,2020-10,1
max_messenger,2020-11,2
max_messenger,2020-12,3
max_messenger,2021-01,2
max_messenger,2021-02,1
max_messenger,2021-04,1
max_messenger,2021-05,3
max_messenger,2021-08,2
max_messenger,2021-09,2
max_messenger,2021-11,2
max_messenger,2022-01,8
max_messenger,2022-02,1
max_messenger,2022-03,1
max_messenger,2022-04,2
max_messenger,2022-06,3
max_messenger,2022-07,3
max_messenger,2022-08,2
max_messenger,2022-09,4
max_messenger,2022-10,1
max_messenger,2022-11,2
max_messenger,2022-12,4
max_messenger,2023-01,1
max_messenger,2023-02,3
max_messenger,2023-04,3
max_messenger,2023-05,2
max_messenger,2023-06,10
max_messenger,2023-07,2
max_messenger,2023-08,3
max_messenger,2023-09,5
max_messenger,2023-10,8
max_messenger,2023-11,6
max_messenger,2023-12,5
max_messenger,2024-01,11
max_messenger,2024-02,5
max_messenger,2024-03,8
max_messenger,2024-04,7
max_messenger,2024-05,7
max_messenger,2024-06,18
max_messenger,2024-07,3
max_messenger,2024-08,2
max_messenger,2024-09,3
max_messenger,2024-10,3
max_messenger,2024-11,3
max_messenger,2024-12,6
max_messenger,2025-01,16
max_messenger,2025-02,8
max_messenger,2025-03,18
max_messenger,2025-04,8
max_messenger,2025-05,1
max_messenger,2025-06,30
max_messenger,2025-07,83
max_messenger,2025-08,2293
max_messenger,2025-09,5109
max_messenger,2025-10,6471
max_messenger,2025-11,7153
max_messenger,2025-12,6352
max_messenger,2026-01,5679
max_messenger,2026-02,6284
max_messenger,2026-03,8265
max_messenger,2026-04,5334
medvedev,2016-11,3
medvedev,2016-12,2
medvedev,2017-01,2
medvedev,2017-02,8
medvedev,2017-03,21
medvedev,2017-04,9
medvedev,2017-05,4
medvedev,2017-06,2
medvedev,2017-07,3
medvedev,2017-08,3
medvedev,2017-09,5
medvedev,2017-10,19
medvedev,2017-11,17
medvedev,2017-12,16
medvedev,2018-01,13
medvedev,2018-02,12
medvedev,2018-03,12
medvedev,2018-04,28
medvedev,2018-05,26
medvedev,2018-06,13
medvedev,2018-07,14
medvedev,2018-08,22
medvedev,2018-09,9
medvedev,2018-10,13
medvedev,2018-11,22
medvedev,2018-12,15
medvedev,2019-01,6
medvedev,2019-02,14
medvedev,2019-03,27
medvedev,2019-04,21
medvedev,2019-05,21
medvedev,2019-06,28
medvedev,2019-07,56
medvedev,2019-08,96
medvedev,2019-09,67
medvedev,2019-10,78
medvedev,2019-11,66
medvedev,2019-12,99
medvedev,2020-01,141
medvedev,2020-02,62
medvedev,2020-03,99
medvedev,2020-04,60
medvedev,2020-05,66
medvedev,2020-06,32
medvedev,2020-07,48
medvedev,2020-08,74
medvedev,2020-09,57
medvedev,2020-10,99
medvedev,2020-11,80
medvedev,2020-12,56
medvedev,2021-01,76
medvedev,2021-02,66
medvedev,2021-03,39
medvedev,2021-04,86
medvedev,2021-05,51
medvedev,2021-06,56
medvedev,2021-07,72
medvedev,2021-08,93
medvedev,2021-09,97
medvedev,2021-10,101
medvedev,2021-11,92
medvedev,2021-12,84
medvedev,2022-01,102
medvedev,2022-02,222
medvedev,2022-03,199
medvedev,2022-04,264
medvedev,2022-05,223
medvedev,2022-06,294
medvedev,2022-07,173
medvedev,2022-08,172
medvedev,2022-09,178
medvedev,2022-10,285
medvedev,2022-11,192
medvedev,2022-12,267
medvedev,2023-01,213
medvedev,2023-02,187
medvedev,2023-03,278
medvedev,2023-04,223
medvedev,2023-05,302
medvedev,2023-06,201
medvedev,2023-07,193
medvedev,2023-08,157
medvedev,2023-09,175
medvedev,2023-10,131
medvedev,2023-11,91
medvedev,2023-12,123
medvedev,2024-01,146
medvedev,2024-02,189
medvedev,2024-03,218
medvedev,2024-04,104
medvedev,2024-05,165
medvedev,2024-06,207
medvedev,2024-07,123
medvedev,2024-08,146
medvedev,2024-09,157
medvedev,2024-10,139
medvedev,2024-11,188
medvedev,2024-12,224
medvedev,2025-01,90
medvedev,2025-02,84
medvedev,2025-03,136
medvedev,2025-04,157
medvedev,2025-05,221
medvedev,2025-06,130
medvedev,2025-07,140
medvedev,2025-08,209
medvedev,2025-09,167
medvedev,2025-10,175
medvedev,2025-11,91
medvedev,2025-12,143
medvedev,2026-01,154
medvedev,2026-02,212
medvedev,2026-03,83
medvedev,2026-04,88
messenger,2017-02,2
messenger,2017-03,1
messenger,2017-04,1
messenger,2017-05,2
messenger,2017-06,1
messenger,2017-08,2
messenger,2017-09,2
messenger,2017-10,12
messenger,2017-11,3
messenger,2017-12,6
messenger,2018-01,7
messenger,2018-02,2
messenger,2018-03,11
messenger,2018-04,60
messenger,2018-05,22
messenger,2018-06,2
messenger,2018-07,4
messenger,2018-08,15
messenger,2018-09,7
messenger,2018-10,12
messenger,2018-11,12
messenger,2018-12,9
messenger,2019-01,5
messenger,2019-02,3
messenger,2019-03,8
messenger,2019-04,15
messenger,2019-05,7
messenger,2019-06,11
messenger,2019-07,15
messenger,2019-08,14
messenger,2019-09,12
messenger,2019-10,21
messenger,2019-11,15
messenger,2019-12,16
messenger,2020-01,7
messenger,2020-02,9
messenger,2020-03,27
messenger,2020-04,21
messenger,2020-05,12
messenger,2020-06,25
messenger,2020-07,10
messenger,2020-08,22
messenger,2020-09,18
messenger,2020-10,10
messenger,2020-11,19
messenger,2020-12,14
messenger,2021-01,52
messenger,2021-02,13
messenger,2021-03,13
messenger,2021-04,12
messenger,2021-05,14
messenger,2021-06,21
messenger,2021-07,19
messenger,2021-08,13
messenger,2021-09,21
messenger,2021-10,49
messenger,2021-11,31
messenger,2021-12,29
messenger,2022-01,34
messenger,2022-02,39
messenger,2022-03,113
messenger,2022-04,49
messenger,2022-05,43
messenger,2022-06,39
messenger,2022-07,34
messenger,2022-08,26
messenger,2022-09,54
messenger,2022-10,56
messenger,2022-11,34
messenger,2022-12,45
messenger,2023-01,67
messenger,2023-02,31
messenger,2023-03,50
messenger,2023-04,50
messenger,2023-05,90
messenger,2023-06,48
messenger,2023-07,34
messenger,2023-08,52
messenger,2023-09,98
messenger,2023-10,91
messenger,2023-11,79
messenger,2023-12,75
messenger,2024-01,65
messenger,2024-02,72
messenger,2024-03,99
messenger,2024-04,91
messenger,2024-05,64
messenger,2024-06,46
messenger,2024-07,105
messenger,2024-08,198
messenger,2024-09,135
messenger,2024-10,155
messenger,2024-11,66
messenger,2024-12,136
messenger,2025-01,93
messenger,2025-02,101
messenger,2025-03,82
messenger,2025-04,113
messenger,2025-05,101
messenger,2025-06,148
messenger,2025-07,248
messenger,2025-08,355
messenger,2025-09,242
messenger,2025-10,217
messenger,2025-11,220
messenger,2025-12,272
messenger,2026-01,172
messenger,2026-02,794
messenger,2026-03,488
messenger,2026-04,293
mincifry,2020-03,2
mincifry,2020-09,1
mincifry,2020-10,1
mincifry,2020-11,3
mincifry,2020-12,4
mincifry,2021-01,2
mincifry,2021-02,3
mincifry,2021-03,9
mincifry,2021-04,2
mincifry,2021-05,2
mincifry,2021-06,4
mincifry,2021-07,3
mincifry,2021-08,2
mincifry,2021-09,7
mincifry,2021-10,6
mincifry,2021-11,17
mincifry,2021-12,2
mincifry,2022-01,9
mincifry,2022-02,25
mincifry,2022-03,64
mincifry,2022-04,13
mincifry,2022-05,32
mincifry,2022-06,28
mincifry,2022-07,8
mincifry,2022-08,18
mincifry,2022-09,67
mincifry,2022-10,50
mincifry,2022-11,23
mincifry,2022-12,51
mincifry,2023-01,29
mincifry,2023-02,25
mincifry,2023-03,27
mincifry,2023-04,59
mincifry,2023-05,22
mincifry,2023-06,40
mincifry,2023-07,53
mincifry,2023-08,30
mincifry,2023-09,15
mincifry,2023-10,24
mincifry,2023-11,29
mincifry,2023-12,15
mincifry,2024-01,15
mincifry,2024-02,27
mincifry,2024-03,14
mincifry,2024-04,28
mincifry,2024-05,28
mincifry,2024-06,18
mincifry,2024-07,17
mincifry,2024-08,52
mincifry,2024-09,34
mincifry,2024-10,27
mincifry,2024-11,27
mincifry,2024-12,27
mincifry,2025-01,12
mincifry,2025-02,14
mincifry,2025-03,14
mincifry,2025-04,12
mincifry,2025-05,7
mincifry,2025-06,23
mincifry,2025-07,30
mincifry,2025-08,31
mincifry,2025-09,17
mincifry,2025-10,17
mincifry,2025-11,36
mincifry,2025-12,30
mincifry,2026-01,16
mincifry,2026-02,84
mincifry,2026-03,95
mincifry,2026-04,99
ministerstvo_cifrovogo,2018-05,1
ministerstvo_cifrovogo,2019-05,1
ministerstvo_cifrovogo,2020-04,1
ministerstvo_cifrovogo,2020-09,1
ministerstvo_cifrovogo,2021-02,2
ministerstvo_cifrovogo,2021-04,2
ministerstvo_cifrovogo,2021-05,1
ministerstvo_cifrovogo,2021-08,1
ministerstvo_cifrovogo,2021-09,1
ministerstvo_cifrovogo,2021-10,1
ministerstvo_cifrovogo,2021-11,2
ministerstvo_cifrovogo,2022-01,1
ministerstvo_cifrovogo,2022-02,1
ministerstvo_cifrovogo,2022-03,5
ministerstvo_cifrovogo,2022-04,1
ministerstvo_cifrovogo,2022-05,4
ministerstvo_cifrovogo,2022-06,2
ministerstvo_cifrovogo,2022-07,2
ministerstvo_cifrovogo,2022-08,4
ministerstvo_cifrovogo,2022-09,3
ministerstvo_cifrovogo,2022-10,4
ministerstvo_cifrovogo,2022-12,1
ministerstvo_cifrovogo,2023-03,2
ministerstvo_cifrovogo,2023-04,1
ministerstvo_cifrovogo,2023-05,1
ministerstvo_cifrovogo,2023-07,4
ministerstvo_cifrovogo,2023-08,2
ministerstvo_cifrovogo,2023-09,3
ministerstvo_cifrovogo,2023-10,1
ministerstvo_cifrovogo,2023-11,3
ministerstvo_cifrovogo,2023-12,3
ministerstvo_cifrovogo,2024-01,3
ministerstvo_cifrovogo,2024-02,2
ministerstvo_cifrovogo,2024-03,1
ministerstvo_cifrovogo,2024-04,4
ministerstvo_cifrovogo,2024-05,5
ministerstvo_cifrovogo,2024-06,2
ministerstvo_cifrovogo,2024-07,1
ministerstvo_cifrovogo,2024-08,5
ministerstvo_cifrovogo,2024-09,2
ministerstvo_cifrovogo,2024-10,2
ministerstvo_cifrovogo,2024-11,5
ministerstvo_cifrovogo,2024-12,2
ministerstvo_cifrovogo,2025-01,3
ministerstvo_cifrovogo,2025-02,2
ministerstvo_cifrovogo,2025-03,7
ministerstvo_cifrovogo,2025-04,3
ministerstvo_cifrovogo,2025-06,6
ministerstvo_cifrovogo,2025-07,8
ministerstvo_cifrovogo,2025-08,6
ministerstvo_cifrovogo,2025-09,1
ministerstvo_cifrovogo,2025-11,5
ministerstvo_cifrovogo,2025-12,3
ministerstvo_cifrovogo,2026-01,2
ministerstvo_cifrovogo,2026-02,6
ministerstvo_cifrovogo,2026-03,1
ministerstvo_cifrovogo,2026-04,15
minsvyaz,2017-11,1
minsvyaz,2017-12,1
minsvyaz,2018-01,1
minsvyaz,2018-02,1
minsvyaz,2018-10,5
minsvyaz,2018-12,3
minsvyaz,2019-01,5
minsvyaz,2019-03,2
minsvyaz,2019-06,1
minsvyaz,2019-07,1
minsvyaz,2019-09,7
minsvyaz,2019-10,1
minsvyaz,2019-12,6
minsvyaz,2020-03,1
minsvyaz,2020-04,4
minsvyaz,2020-09,2
minsvyaz,2020-11,1
minsvyaz,2021-03,1
minsvyaz,2021-09,5
minsvyaz,2021-12,1
minsvyaz,2022-01,2
minsvyaz,2022-03,1
minsvyaz,2022-04,1
minsvyaz,2022-06,1
minsvyaz,2022-07,8
minsvyaz,2022-10,1
minsvyaz,2023-08,3
minsvyaz,2023-09,2
minsvyaz,2024-07,3
minsvyaz,2024-12,5
minsvyaz,2025-02,1
minsvyaz,2025-06,1
minsvyaz,2025-12,1
minsvyaz,2026-01,1
minsvyaz,2026-02,1
mishustin,2017-11,1
mishustin,2018-02,1
mishustin,2018-07,1
mishustin,2018-10,1
mishustin,2019-11,2
mishustin,2020-01,219
mishustin,2020-02,81
mishustin,2020-03,200
mishustin,2020-04,146
mishustin,2020-05,77
mishustin,2020-06,55
mishustin,2020-07,80
mishustin,2020-08,33
mishustin,2020-09,51
mishustin,2020-10,62
mishustin,2020-11,63
mishustin,2020-12,62
mishustin,2021-01,31
mishustin,2021-02,32
mishustin,2021-03,40
mishustin,2021-04,52
mishustin,2021-05,71
mishustin,2021-06,41
mishustin,2021-07,63
mishustin,2021-08,40
mishustin,2021-09,45
mishustin,2021-10,43
mishustin,2021-11,14
mishustin,2021-12,35
mishustin,2022-01,22
mishustin,2022-02,50
mishustin,2022-03,162
mishustin,2022-04,142
mishustin,2022-05,66
mishustin,2022-06,52
mishustin,2022-07,48
mishustin,2022-08,55
mishustin,2022-09,60
mishustin,2022-10,181
mishustin,2022-11,70
mishustin,2022-12,76
mishustin,2023-01,74
mishustin,2023-02,44
mishustin,2023-03,190
mishustin,2023-04,98
mishustin,2023-05,157
mishustin,2023-06,99
mishustin,2023-07,99
mishustin,2023-08,74
mishustin,2023-09,86
mishustin,2023-10,65
mishustin,2023-11,53
mishustin,2023-12,99
mishustin,2024-01,66
mishustin,2024-02,32
mishustin,2024-03,35
mishustin,2024-04,82
mishustin,2024-05,203
mishustin,2024-06,42
mishustin,2024-07,60
mishustin,2024-08,66
mishustin,2024-09,63
mishustin,2024-10,45
mishustin,2024-11,33
mishustin,2024-12,61
mishustin,2025-01,47
mishustin,2025-02,42
mishustin,2025-03,62
mishustin,2025-04,32
mishustin,2025-05,25
mishustin,2025-06,16
mishustin,2025-07,60
mishustin,2025-08,35
mishustin,2025-09,20
mishustin,2025-10,18
mishustin,2025-11,46
mishustin,2025-12,10
mishustin,2026-01,17
mishustin,2026-02,43
mishustin,2026-03,29
mishustin,2026-04,29
mizulina,2017-03,1
mizulina,2017-04,1
mizulina,2017-07,1
mizulina,2017-09,1
mizulina,2017-12,5
mizulina,2018-03,7
mizulina,2018-04,1
mizulina,2018-06,1
mizulina,2018-07,2
mizulina,2018-08,1
mizulina,2018-10,1
mizulina,2018-12,1
mizulina,2019-04,2
mizulina,2019-05,1
mizulina,2019-11,1
mizulina,2020-06,1
mizulina,2020-07,7
mizulina,2020-08,1
mizulina,2021-02,1
mizulina,2021-03,1
mizulina,2021-04,1
mizulina,2021-05,5
mizulina,2021-06,4
mizulina,2021-07,2
mizulina,2021-09,6
mizulina,2021-11,1
mizulina,2021-12,5
mizulina,2022-01,4
mizulina,2022-02,5
mizulina,2022-03,3
mizulina,2022-04,1
mizulina,2022-05,4
mizulina,2022-07,5
mizulina,2022-08,9
mizulina,2022-09,5
mizulina,2022-10,5
mizulina,2022-11,15
mizulina,2022-12,10
mizulina,2023-01,4
mizulina,2023-02,12
mizulina,2023-03,7
mizulina,2023-04,6
mizulina,2023-05,7
mizulina,2023-06,5
mizulina,2023-07,8
mizulina,2023-08,2
mizulina,2023-09,21
mizulina,2023-10,2
mizulina,2023-11,20
mizulina,2023-12,33
mizulina,2024-01,15
mizulina,2024-02,12
mizulina,2024-03,10
mizulina,2024-04,5
mizulina,2024-05,4
mizulina,2024-06,6
mizulina,2024-07,17
mizulina,2024-08,14
mizulina,2024-09,8
mizulina,2024-10,9
mizulina,2024-11,7
mizulina,2024-12,9
mizulina,2025-01,10
mizulina,2025-02,7
mizulina,2025-03,6
mizulina,2025-04,12
mizulina,2025-05,12
mizulina,2025-06,6
mizulina,2025-07,25
mizulina,2025-08,6
mizulina,2025-09,12
mizulina,2025-10,8
mizulina,2025-11,16
mizulina,2025-12,9
mizulina,2026-01,6
mizulina,2026-02,9
mizulina,2026-03,6
mizulina,2026-04,1
patrushev,2016-11,1
patrushev,2016-12,1
patrushev,2017-03,1
patrushev,2017-05,2
patrushev,2017-09,1
patrushev,2017-10,1
patrushev,2017-12,1
patrushev,2018-01,1
patrushev,2018-02,7
patrushev,2018-03,5
patrushev,2018-04,1
patrushev,2018-05,6
patrushev,2018-06,2
patrushev,2018-07,1
patrushev,2018-08,5
patrushev,2018-09,1
patrushev,2018-10,5
patrushev,2018-12,6
patrushev,2019-01,4
patrushev,2019-02,1
patrushev,2019-03,2
patrushev,2019-04,6
patrushev,2019-05,2
patrushev,2019-06,14
patrushev,2019-07,4
patrushev,2019-08,2
patrushev,2019-09,1
patrushev,2019-10,5
patrushev,2019-11,9
patrushev,2019-12,5
patrushev,2020-01,19
patrushev,2020-02,6
patrushev,2020-03,3
patrushev,2020-04,3
patrushev,2020-05,2
patrushev,2020-06,13
patrushev,2020-07,1
patrushev,2020-08,9
patrushev,2020-09,6
patrushev,2020-10,10
patrushev,2020-11,6
patrushev,2020-12,20
patrushev,2021-01,8
patrushev,2021-02,6
patrushev,2021-03,9
patrushev,2021-04,48
patrushev,2021-05,20
patrushev,2021-06,10
patrushev,2021-07,10
patrushev,2021-08,9
patrushev,2021-09,14
patrushev,2021-10,41
patrushev,2021-11,42
patrushev,2021-12,6
patrushev,2022-01,11
patrushev,2022-02,59
patrushev,2022-03,79
patrushev,2022-04,56
patrushev,2022-05,89
patrushev,2022-06,52
patrushev,2022-07,25
patrushev,2022-08,22
patrushev,2022-09,40
patrushev,2022-10,72
patrushev,2022-11,109
patrushev,2022-12,8
patrushev,2023-01,25
patrushev,2023-02,41
patrushev,2023-03,63
patrushev,2023-04,26
patrushev,2023-05,80
patrushev,2023-06,53
patrushev,2023-07,60
patrushev,2023-08,11
patrushev,2023-09,31
patrushev,2023-10,17
patrushev,2023-11,38
patrushev,2023-12,10
patrushev,2024-01,10
patrushev,2024-02,29
patrushev,2024-03,57
patrushev,2024-04,98
patrushev,2024-05,128
patrushev,2024-06,13
patrushev,2024-07,30
patrushev,2024-08,29
patrushev,2024-09,15
patrushev,2024-10,6
patrushev,2024-11,31
patrushev,2024-12,6
patrushev,2025-01,39
patrushev,2025-02,10
patrushev,2025-03,11
patrushev,2025-04,27
patrushev,2025-05,8
patrushev,2025-06,14
patrushev,2025-07,30
patrushev,2025-08,10
patrushev,2025-09,8
patrushev,2025-10,10
patrushev,2025-11,1
patrushev,2025-12,3
patrushev,2026-01,3
patrushev,2026-02,25
patrushev,2026-03,35
patrushev,2026-04,14
peskov,2016-11,4
peskov,2016-12,2
peskov,2017-01,5
peskov,2017-02,1
peskov,2017-03,3
peskov,2017-04,2
peskov,2017-05,1
peskov,2017-06,3
peskov,2017-07,5
peskov,2017-09,9
peskov,2017-10,10
peskov,2017-11,3
peskov,2017-12,7
peskov,2018-01,5
peskov,2018-02,11
peskov,2018-03,14
peskov,2018-04,13
peskov,2018-05,3
peskov,2018-06,5
peskov,2018-07,4
peskov,2018-08,3
peskov,2018-09,14
peskov,2018-10,9
peskov,2018-11,11
peskov,2018-12,9
peskov,2019-01,4
peskov,2019-02,9
peskov,2019-03,6
peskov,2019-04,3
peskov,2019-05,9
peskov,2019-06,24
peskov,2019-07,35
peskov,2019-08,60
peskov,2019-09,60
peskov,2019-10,79
peskov,2019-11,78
peskov,2019-12,132
peskov,2020-01,84
peskov,2020-02,168
peskov,2020-03,158
peskov,2020-04,182
peskov,2020-05,59
peskov,2020-06,131
peskov,2020-07,185
peskov,2020-08,36
peskov,2020-09,53
peskov,2020-10,74
peskov,2020-11,66
peskov,2020-12,65
peskov,2021-01,74
peskov,2021-02,94
peskov,2021-03,148
peskov,2021-04,191
peskov,2021-05,95
peskov,2021-06,132
peskov,2021-07,120
peskov,2021-08,48
peskov,2021-09,143
peskov,2021-10,112
peskov,2021-11,94
peskov,2021-12,171
peskov,2022-01,143
peskov,2022-02,410
peskov,2022-03,504
peskov,2022-04,616
peskov,2022-05,206
peskov,2022-06,242
peskov,2022-07,154
peskov,2022-08,131
peskov,2022-09,334
peskov,2022-10,369
peskov,2022-11,323
peskov,2022-12,354
peskov,2023-01,271
peskov,2023-02,202
peskov,2023-03,361
peskov,2023-04,352
peskov,2023-05,437
peskov,2023-06,603
peskov,2023-07,421
peskov,2023-08,135
peskov,2023-09,212
peskov,2023-10,170
peskov,2023-11,175
peskov,2023-12,168
peskov,2024-01,126
peskov,2024-02,195
peskov,2024-03,227
peskov,2024-04,243
peskov,2024-05,255
peskov,2024-06,172
peskov,2024-07,277
peskov,2024-08,97
peskov,2024-09,221
peskov,2024-10,163
peskov,2024-11,311
peskov,2024-12,242
peskov,2025-01,99
peskov,2025-02,337
peskov,2025-03,373
peskov,2025-04,336
peskov,2025-05,464
peskov,2025-06,189
peskov,2025-07,232
peskov,2025-08,151
peskov,2025-09,281
peskov,2025-10,241
peskov,2025-11,259
peskov,2025-12,308
peskov,2026-01,220
peskov,2026-02,358
peskov,2026-03,282
peskov,2026-04,220
prokuratura_gen,2016-12,2
prokuratura_gen,2017-04,1
prokuratura_gen,2017-05,1
prokuratura_gen,2017-07,6
prokuratura_gen,2017-08,1
prokuratura_gen,2017-09,3
prokuratura_gen,2017-10,6
prokuratura_gen,2017-11,21
prokuratura_gen,2017-12,15
prokuratura_gen,2018-01,4
prokuratura_gen,2018-02,3
prokuratura_gen,2018-03,10
prokuratura_gen,2018-04,14
prokuratura_gen,2018-05,2
prokuratura_gen,2018-06,3
prokuratura_gen,2018-07,2
prokuratura_gen,2018-08,7
prokuratura_gen,2018-09,10
prokuratura_gen,2018-10,6
prokuratura_gen,2018-11,10
prokuratura_gen,2018-12,11
prokuratura_gen,2019-01,11
prokuratura_gen,2019-02,10
prokuratura_gen,2019-03,3
prokuratura_gen,2019-04,9
prokuratura_gen,2019-05,22
prokuratura_gen,2019-06,8
prokuratura_gen,2019-07,26
prokuratura_gen,2019-08,13
prokuratura_gen,2019-09,17
prokuratura_gen,2019-10,28
prokuratura_gen,2019-11,16
prokuratura_gen,2019-12,16
prokuratura_gen,2020-01,18
prokuratura_gen,2020-02,17
prokuratura_gen,2020-03,16
prokuratura_gen,2020-04,20
prokuratura_gen,2020-05,25
prokuratura_gen,2020-06,18
prokuratura_gen,2020-07,21
prokuratura_gen,2020-08,34
prokuratura_gen,2020-09,61
prokuratura_gen,2020-10,68
prokuratura_gen,2020-11,50
prokuratura_gen,2020-12,20
prokuratura_gen,2021-01,31
prokuratura_gen,2021-02,30
prokuratura_gen,2021-03,38
prokuratura_gen,2021-04,23
prokuratura_gen,2021-05,25
prokuratura_gen,2021-06,29
prokuratura_gen,2021-07,34
prokuratura_gen,2021-08,34
prokuratura_gen,2021-09,13
prokuratura_gen,2021-10,26
prokuratura_gen,2021-11,27
prokuratura_gen,2021-12,32
prokuratura_gen,2022-01,35
prokuratura_gen,2022-02,90
prokuratura_gen,2022-03,173
prokuratura_gen,2022-04,72
prokuratura_gen,2022-05,83
prokuratura_gen,2022-06,43
prokuratura_gen,2022-07,44
prokuratura_gen,2022-08,42
prokuratura_gen,2022-09,75
prokuratura_gen,2022-10,77
prokuratura_gen,2022-11,53
prokuratura_gen,2022-12,43
prokuratura_gen,2023-01,50
prokuratura_gen,2023-02,51
prokuratura_gen,2023-03,66
prokuratura_gen,2023-04,44
prokuratura_gen,2023-05,36
prokuratura_gen,2023-06,79
prokuratura_gen,2023-07,42
prokuratura_gen,2023-08,62
prokuratura_gen,2023-09,36
prokuratura_gen,2023-10,46
prokuratura_gen,2023-11,50
prokuratura_gen,2023-12,64
prokuratura_gen,2024-01,46
prokuratura_gen,2024-02,46
prokuratura_gen,2024-03,76
prokuratura_gen,2024-04,48
prokuratura_gen,2024-05,42
prokuratura_gen,2024-06,75
prokuratura_gen,2024-07,57
prokuratura_gen,2024-08,61
prokuratura_gen,2024-09,49
prokuratura_gen,2024-10,61
prokuratura_gen,2024-11,26
prokuratura_gen,2024-12,79
prokuratura_gen,2025-01,44
prokuratura_gen,2025-02,46
prokuratura_gen,2025-03,53
prokuratura_gen,2025-04,52
prokuratura_gen,2025-05,22
prokuratura_gen,2025-06,30
prokuratura_gen,2025-07,75
prokuratura_gen,2025-08,45
prokuratura_gen,2025-09,56
prokuratura_gen,2025-10,41
prokuratura_gen,2025-11,52
prokuratura_gen,2025-12,28
prokuratura_gen,2026-01,24
prokuratura_gen,2026-02,30
prokuratura_gen,2026-03,41
prokuratura_gen,2026-04,31
radiochastotny_centr,2017-10,1
radiochastotny_centr,2018-07,1
radiochastotny_centr,2022-07,1
radiochastotny_centr,2022-09,1
radiochastotny_centr,2022-11,2
radiochastotny_centr,2023-02,1
radiochastotny_centr,2023-07,1
radiochastotny_centr,2023-08,1
radiochastotny_centr,2024-04,1
radiochastotny_centr,2024-08,1
radiochastotny_centr,2025-01,1
radiochastotny_centr,2025-02,2
radiochastotny_centr,2025-04,1
radiochastotny_centr,2026-01,1
restrict,2016-07,3
restrict,2016-11,14
restrict,2016-12,16
restrict,2017-01,20
restrict,2017-02,15
restrict,2017-03,16
restrict,2017-04,19
restrict,2017-05,19
restrict,2017-06,19
restrict,2017-07,19
restrict,2017-08,8
restrict,2017-09,35
restrict,2017-10,47
restrict,2017-11,32
restrict,2017-12,50
restrict,2018-01,40
restrict,2018-02,39
restrict,2018-03,51
restrict,2018-04,49
restrict,2018-05,28
restrict,2018-06,27
restrict,2018-07,26
restrict,2018-08,46
restrict,2018-09,45
restrict,2018-10,39
restrict,2018-11,52
restrict,2018-12,56
restrict,2019-01,36
restrict,2019-02,51
restrict,2019-03,46
restrict,2019-04,51
restrict,2019-05,34
restrict,2019-06,62
restrict,2019-07,75
restrict,2019-08,61
restrict,2019-09,73
restrict,2019-10,86
restrict,2019-11,64
restrict,2019-12,103
restrict,2020-01,132
restrict,2020-02,129
restrict,2020-03,356
restrict,2020-04,317
restrict,2020-05,329
restrict,2020-06,193
restrict,2020-07,111
restrict,2020-08,120
restrict,2020-09,160
restrict,2020-10,192
restrict,2020-11,189
restrict,2020-12,173
restrict,2021-01,219
restrict,2021-02,149
restrict,2021-03,216
restrict,2021-04,203
restrict,2021-05,211
restrict,2021-06,219
restrict,2021-07,192
restrict,2021-08,192
restrict,2021-09,202
restrict,2021-10,242
restrict,2021-11,249
restrict,2021-12,228
restrict,2022-01,329
restrict,2022-02,442
restrict,2022-03,748
restrict,2022-04,470
restrict,2022-05,527
restrict,2022-06,532
restrict,2022-07,585
restrict,2022-08,466
restrict,2022-09,603
restrict,2022-10,661
restrict,2022-11,525
restrict,2022-12,570
restrict,2023-01,381
restrict,2023-02,440
restrict,2023-03,460
restrict,2023-04,468
restrict,2023-05,486
restrict,2023-06,536
restrict,2023-07,447
restrict,2023-08,421
restrict,2023-09,514
restrict,2023-10,521
restrict,2023-11,490
restrict,2023-12,488
restrict,2024-01,424
restrict,2024-02,437
restrict,2024-03,492
restrict,2024-04,604
restrict,2024-05,675
restrict,2024-06,562
restrict,2024-07,586
restrict,2024-08,645
restrict,2024-09,767
restrict,2024-10,604
restrict,2024-11,617
restrict,2024-12,618
restrict,2025-01,563
restrict,2025-02,520
restrict,2025-03,591
restrict,2025-04,583
restrict,2025-05,831
restrict,2025-06,704
restrict,2025-07,795
restrict,2025-08,779
restrict,2025-09,763
restrict,2025-10,938
restrict,2025-11,818
restrict,2025-12,735
restrict,2026-01,748
restrict,2026-02,915
restrict,2026-03,968
restrict,2026-04,657
rkn_abbr,2017-09,1
rkn_abbr,2017-10,4
rkn_abbr,2017-11,4
rkn_abbr,2017-12,5
rkn_abbr,2018-01,4
rkn_abbr,2018-03,1
rkn_abbr,2018-04,36
rkn_abbr,2018-05,13
rkn_abbr,2018-06,3
rkn_abbr,2018-07,1
rkn_abbr,2018-09,2
rkn_abbr,2018-10,1
rkn_abbr,2018-11,1
rkn_abbr,2018-12,4
rkn_abbr,2019-01,3
rkn_abbr,2019-03,1
rkn_abbr,2019-04,7
rkn_abbr,2019-05,2
rkn_abbr,2019-06,8
rkn_abbr,2019-07,2
rkn_abbr,2019-08,2
rkn_abbr,2019-09,5
rkn_abbr,2019-10,7
rkn_abbr,2019-11,1
rkn_abbr,2019-12,1
rkn_abbr,2020-01,1
rkn_abbr,2020-02,2
rkn_abbr,2020-03,1
rkn_abbr,2020-04,1
rkn_abbr,2020-06,1
rkn_abbr,2020-07,1
rkn_abbr,2020-09,2
rkn_abbr,2020-11,1
rkn_abbr,2021-01,6
rkn_abbr,2021-02,4
rkn_abbr,2021-03,16
rkn_abbr,2021-04,10
rkn_abbr,2021-05,4
rkn_abbr,2021-06,1
rkn_abbr,2021-07,7
rkn_abbr,2021-08,7
rkn_abbr,2021-09,7
rkn_abbr,2021-10,2
rkn_abbr,2021-11,6
rkn_abbr,2021-12,5
rkn_abbr,2022-01,3
rkn_abbr,2022-02,21
rkn_abbr,2022-03,36
rkn_abbr,2022-04,19
rkn_abbr,2022-05,1
rkn_abbr,2022-06,1
rkn_abbr,2022-07,2
rkn_abbr,2022-08,1
rkn_abbr,2022-09,2
rkn_abbr,2022-10,9
rkn_abbr,2022-11,2
rkn_abbr,2022-12,1
rkn_abbr,2023-01,7
rkn_abbr,2023-02,5
rkn_abbr,2023-03,2
rkn_abbr,2023-04,4
rkn_abbr,2023-05,3
rkn_abbr,2023-06,13
rkn_abbr,2023-07,5
rkn_abbr,2023-08,1
rkn_abbr,2023-09,7
rkn_abbr,2023-10,9
rkn_abbr,2023-11,1
rkn_abbr,2023-12,9
rkn_abbr,2024-01,5
rkn_abbr,2024-02,7
rkn_abbr,2024-03,4
rkn_abbr,2024-04,11
rkn_abbr,2024-05,4
rkn_abbr,2024-06,2
rkn_abbr,2024-07,29
rkn_abbr,2024-08,25
rkn_abbr,2024-09,15
rkn_abbr,2024-10,55
rkn_abbr,2024-11,25
rkn_abbr,2024-12,30
rkn_abbr,2025-01,40
rkn_abbr,2025-02,5
rkn_abbr,2025-03,8
rkn_abbr,2025-04,38
rkn_abbr,2025-05,16
rkn_abbr,2025-06,11
rkn_abbr,2025-07,41
rkn_abbr,2025-08,31
rkn_abbr,2025-09,11
rkn_abbr,2025-10,30
rkn_abbr,2025-11,29
rkn_abbr,2025-12,22
rkn_abbr,2026-01,49
rkn_abbr,2026-02,249
rkn_abbr,2026-03,130
rkn_abbr,2026-04,123
roskomnadzor,2017-04,1
roskomnadzor,2017-05,1
roskomnadzor,2017-06,2
roskomnadzor,2017-07,7
roskomnadzor,2017-08,2
roskomnadzor,2017-09,6
roskomnadzor,2017-10,9
roskomnadzor,2017-11,9
roskomnadzor,2017-12,8
roskomnadzor,2018-01,6
roskomnadzor,2018-02,2
roskomnadzor,2018-03,3
roskomnadzor,2018-04,93
roskomnadzor,2018-05,10
roskomnadzor,2018-06,3
roskomnadzor,2018-07,3
roskomnadzor,2018-08,5
roskomnadzor,2018-09,2
roskomnadzor,2018-10,3
roskomnadzor,2018-11,7
roskomnadzor,2018-12,18
roskomnadzor,2019-01,12
roskomnadzor,2019-02,4
roskomnadzor,2019-03,4
roskomnadzor,2019-04,15
roskomnadzor,2019-05,5
roskomnadzor,2019-06,16
roskomnadzor,2019-07,11
roskomnadzor,2019-08,13
roskomnadzor,2019-09,17
roskomnadzor,2019-10,16
roskomnadzor,2019-11,9
roskomnadzor,2019-12,7
roskomnadzor,2020-01,21
roskomnadzor,2020-02,9
roskomnadzor,2020-03,17
roskomnadzor,2020-04,10
roskomnadzor,2020-05,31
roskomnadzor,2020-06,24
roskomnadzor,2020-07,11
roskomnadzor,2020-08,3
roskomnadzor,2020-09,7
roskomnadzor,2020-10,7
roskomnadzor,2020-11,34
roskomnadzor,2020-12,20
roskomnadzor,2021-01,34
roskomnadzor,2021-02,21
roskomnadzor,2021-03,62
roskomnadzor,2021-04,19
roskomnadzor,2021-05,21
roskomnadzor,2021-06,6
roskomnadzor,2021-07,30
roskomnadzor,2021-08,26
roskomnadzor,2021-09,43
roskomnadzor,2021-10,23
roskomnadzor,2021-11,23
roskomnadzor,2021-12,34
roskomnadzor,2022-01,27
roskomnadzor,2022-02,95
roskomnadzor,2022-03,280
roskomnadzor,2022-04,98
roskomnadzor,2022-05,19
roskomnadzor,2022-06,17
roskomnadzor,2022-07,43
roskomnadzor,2022-08,37
roskomnadzor,2022-09,30
roskomnadzor,2022-10,73
roskomnadzor,2022-11,17
roskomnadzor,2022-12,34
roskomnadzor,2023-01,36
roskomnadzor,2023-02,20
roskomnadzor,2023-03,11
roskomnadzor,2023-04,20
roskomnadzor,2023-05,21
roskomnadzor,2023-06,41
roskomnadzor,2023-07,22
roskomnadzor,2023-08,24
roskomnadzor,2023-09,20
roskomnadzor,2023-10,23
roskomnadzor,2023-11,19
roskomnadzor,2023-12,34
roskomnadzor,2024-01,21
roskomnadzor,2024-02,30
roskomnadzor,2024-03,26
roskomnadzor,2024-04,27
roskomnadzor,2024-05,17
roskomnadzor,2024-06,19
roskomnadzor,2024-07,65
roskomnadzor,2024-08,43
roskomnadzor,2024-09,42
roskomnadzor,2024-10,112
roskomnadzor,2024-11,66
roskomnadzor,2024-12,72
roskomnadzor,2025-01,48
roskomnadzor,2025-02,18
roskomnadzor,2025-03,24
roskomnadzor,2025-04,29
roskomnadzor,2025-05,14
roskomnadzor,2025-06,22
roskomnadzor,2025-07,22
roskomnadzor,2025-08,45
roskomnadzor,2025-09,23
roskomnadzor,2025-10,29
roskomnadzor,2025-11,39
roskomnadzor,2025-12,45
roskomnadzor,2026-01,44
roskomnadzor,2026-02,229
roskomnadzor,2026-03,227
roskomnadzor,2026-04,73
runet,2017-01,1
runet,2017-02,2
runet,2017-04,2
runet,2017-09,4
runet,2017-10,4
runet,2017-11,4
runet,2017-12,2
runet,2018-02,2
runet,2018-03,1
runet,2018-04,8
runet,2018-05,1
runet,2018-06,2
runet,2018-07,4
runet,2018-08,1
runet,2018-09,2
runet,2018-10,6
runet,2018-11,3
runet,2018-12,6
runet,2019-01,2
runet,2019-02,4
runet,2019-03,8
runet,2019-04,17
runet,2019-05,3
runet,2019-06,3
runet,2019-07,2
runet,2019-08,4
runet,2019-09,9
runet,2019-10,4
runet,2019-11,7
runet,2019-12,13
runet,2020-01,2
runet,2020-02,4
runet,2020-03,7
runet,2020-04,9
runet,2020-05,5
runet,2020-06,10
runet,2020-07,5
runet,2020-08,1
runet,2020-09,6
runet,2020-10,4
runet,2020-11,4
runet,2020-12,8
runet,2021-01,3
runet,2021-02,6
runet,2021-03,3
runet,2021-04,4
runet,2021-05,3
runet,2021-06,3
runet,2021-07,4
runet,2021-08,3
runet,2021-09,4
runet,2021-10,6
runet,2021-11,6
runet,2021-12,3
runet,2022-01,9
runet,2022-02,6
runet,2022-03,13
runet,2022-04,7
runet,2022-05,4
runet,2022-06,5
runet,2022-07,9
runet,2022-08,3
runet,2022-09,6
runet,2022-10,1
runet,2022-11,8
runet,2022-12,14
runet,2023-01,4
runet,2023-02,5
runet,2023-03,12
runet,2023-04,12
runet,2023-05,8
runet,2023-06,4
runet,2023-07,13
runet,2023-08,4
runet,2023-09,10
runet,2023-10,3
runet,2023-11,9
runet,2023-12,11
runet,2024-01,23
runet,2024-02,12
runet,2024-03,10
runet,2024-04,12
runet,2024-05,16
runet,2024-06,5
runet,2024-07,4
runet,2024-08,7
runet,2024-09,9
runet,2024-10,3
runet,2024-11,9
runet,2024-12,10
runet,2025-01,17
runet,2025-02,3
runet,2025-03,7
runet,2025-04,7
runet,2025-05,9
runet,2025-06,8
runet,2025-07,13
runet,2025-08,8
runet,2025-09,7
runet,2025-10,10
runet,2025-11,15
runet,2025-12,9
runet,2026-01,8
runet,2026-02,21
runet,2026-03,22
runet,2026-04,39
shadaev,2020-01,5
shadaev,2020-04,1
shadaev,2020-05,6
shadaev,2020-06,1
shadaev,2020-07,1
shadaev,2020-11,1
shadaev,2021-03,1
shadaev,2021-06,3
shadaev,2021-07,1
shadaev,2021-08,1
shadaev,2021-09,2
shadaev,2021-11,1
shadaev,2021-12,1
shadaev,2022-03,8
shadaev,2022-04,2
shadaev,2022-05,4
shadaev,2022-06,10
shadaev,2022-07,2
shadaev,2022-08,4
shadaev,2022-09,13
shadaev,2022-10,16
shadaev,2022-11,9
shadaev,2022-12,16
shadaev,2023-01,2
shadaev,2023-02,9
shadaev,2023-03,1
shadaev,2023-04,19
shadaev,2023-05,9
shadaev,2023-06,7
shadaev,2023-07,8
shadaev,2023-08,8
shadaev,2023-09,8
shadaev,2023-10,3
shadaev,2023-11,4
shadaev,2023-12,3
shadaev,2024-01,5
shadaev,2024-02,7
shadaev,2024-03,3
shadaev,2024-04,3
shadaev,2024-05,16
shadaev,2024-06,9
shadaev,2024-07,1
shadaev,2024-08,7
shadaev,2024-09,5
shadaev,2024-11,3
shadaev,2024-12,3
shadaev,2025-01,1
shadaev,2025-02,4
shadaev,2025-03,1
shadaev,2025-04,1
shadaev,2025-06,9
shadaev,2025-07,27
shadaev,2025-08,13
shadaev,2025-09,1
shadaev,2025-10,2
shadaev,2025-11,9
shadaev,2025-12,1
shadaev,2026-01,1
shadaev,2026-02,67
shadaev,2026-03,29
shadaev,2026-04,30
shoigu,2016-11,6
shoigu,2016-12,13
shoigu,2017-01,13
shoigu,2017-02,12
shoigu,2017-03,14
shoigu,2017-04,5
shoigu,2017-05,7
shoigu,2017-06,16
shoigu,2017-07,6
shoigu,2017-08,9
shoigu,2017-09,14
shoigu,2017-10,19
shoigu,2017-11,9
shoigu,2017-12,12
shoigu,2018-01,8
shoigu,2018-02,14
shoigu,2018-03,24
shoigu,2018-04,14
shoigu,2018-05,24
shoigu,2018-06,10
shoigu,2018-07,14
shoigu,2018-08,43
shoigu,2018-09,56
shoigu,2018-10,58
shoigu,2018-11,37
shoigu,2018-12,41
shoigu,2019-01,36
shoigu,2019-02,14
shoigu,2019-03,29
shoigu,2019-04,11
shoigu,2019-05,11
shoigu,2019-06,25
shoigu,2019-07,56
shoigu,2019-08,54
shoigu,2019-09,49
shoigu,2019-10,86
shoigu,2019-11,45
shoigu,2019-12,67
shoigu,2020-01,97
shoigu,2020-02,61
shoigu,2020-03,96
shoigu,2020-04,72
shoigu,2020-05,59
shoigu,2020-06,53
shoigu,2020-07,20
shoigu,2020-08,48
shoigu,2020-09,74
shoigu,2020-10,66
shoigu,2020-11,134
shoigu,2020-12,56
shoigu,2021-01,30
shoigu,2021-02,52
shoigu,2021-03,102
shoigu,2021-04,213
shoigu,2021-05,85
shoigu,2021-06,85
shoigu,2021-07,119
shoigu,2021-08,260
shoigu,2021-09,100
shoigu,2021-10,97
shoigu,2021-11,143
shoigu,2021-12,148
shoigu,2022-01,117
shoigu,2022-02,299
shoigu,2022-03,346
shoigu,2022-04,192
shoigu,2022-05,246
shoigu,2022-06,154
shoigu,2022-07,317
shoigu,2022-08,256
shoigu,2022-09,332
shoigu,2022-10,509
shoigu,2022-11,315
shoigu,2022-12,527
shoigu,2023-01,206
shoigu,2023-02,198
shoigu,2023-03,373
shoigu,2023-04,365
shoigu,2023-05,423
shoigu,2023-06,854
shoigu,2023-07,417
shoigu,2023-08,287
shoigu,2023-09,346
shoigu,2023-10,301
shoigu,2023-11,159
shoigu,2023-12,265
shoigu,2024-01,163
shoigu,2024-02,388
shoigu,2024-03,203
shoigu,2024-04,297
shoigu,2024-05,364
shoigu,2024-06,120
shoigu,2024-07,45
shoigu,2024-08,145
shoigu,2024-09,138
shoigu,2024-10,43
shoigu,2024-11,81
shoigu,2024-12,44
shoigu,2025-01,18
shoigu,2025-02,36
shoigu,2025-03,53
shoigu,2025-04,46
shoigu,2025-05,74
shoigu,2025-06,76
shoigu,2025-07,24
shoigu,2025-08,29
shoigu,2025-09,19
shoigu,2025-10,53
shoigu,2025-11,43
shoigu,2025-12,31
shoigu,2026-01,16
shoigu,2026-02,31
shoigu,2026-03,75
shoigu,2026-04,39
shutdown,2018-02,1
shutdown,2019-01,13
shutdown,2019-02,3
shutdown,2019-05,1
shutdown,2019-08,2
shutdown,2019-10,3
shutdown,2019-11,2
shutdown,2020-01,1
shutdown,2020-04,1
shutdown,2020-06,1
shutdown,2020-07,2
shutdown,2020-08,13
shutdown,2020-09,3
shutdown,2020-11,2
shutdown,2020-12,1
shutdown,2021-01,4
shutdown,2021-07,1
shutdown,2021-09,1
shutdown,2022-01,17
shutdown,2022-02,4
shutdown,2022-03,5
shutdown,2022-04,1
shutdown,2022-05,3
shutdown,2022-07,1
shutdown,2022-09,4
shutdown,2022-10,3
shutdown,2022-11,1
shutdown,2022-12,2
shutdown,2023-01,1
shutdown,2023-02,2
shutdown,2023-03,3
shutdown,2023-04,2
shutdown,2023-05,1
shutdown,2023-06,1
shutdown,2023-09,18
shutdown,2023-10,31
shutdown,2023-11,14
shutdown,2023-12,2
shutdown,2024-01,18
shutdown,2024-02,9
shutdown,2024-03,6
shutdown,2024-07,2
shutdown,2024-08,1
shutdown,2024-09,5
shutdown,2024-12,19
shutdown,2025-01,2
shutdown,2025-02,1
shutdown,2025-03,3
shutdown,2025-04,2
shutdown,2025-05,22
shutdown,2025-06,13
shutdown,2025-07,13
shutdown,2025-08,30
shutdown,2025-09,26
shutdown,2025-10,127
shutdown,2025-11,130
shutdown,2025-12,22
shutdown,2026-01,48
shutdown,2026-02,26
shutdown,2026-03,66
shutdown,2026-04,53
slowdown,2016-11,7
slowdown,2016-12,8
slowdown,2017-01,1
slowdown,2017-02,4
slowdown,2017-03,1
slowdown,2017-04,2
slowdown,2017-05,4
slowdown,2017-06,2
slowdown,2017-07,2
slowdown,2017-08,1
slowdown,2017-09,4
slowdown,2017-10,13
slowdown,2017-11,8
slowdown,2017-12,12
slowdown,2018-01,10
slowdown,2018-02,5
slowdown,2018-03,9
slowdown,2018-04,14
slowdown,2018-05,7
slowdown,2018-06,5
slowdown,2018-07,6
slowdown,2018-08,8
slowdown,2018-09,12
slowdown,2018-10,13
slowdown,2018-11,9
slowdown,2018-12,9
slowdown,2019-01,9
slowdown,2019-02,9
slowdown,2019-03,6
slowdown,2019-04,8
slowdown,2019-05,6
slowdown,2019-06,13
slowdown,2019-07,19
slowdown,2019-08,15
slowdown,2019-09,12
slowdown,2019-10,18
slowdown,2019-11,8
slowdown,2019-12,19
slowdown,2020-01,22
slowdown,2020-02,38
slowdown,2020-03,54
slowdown,2020-04,58
slowdown,2020-05,44
slowdown,2020-06,20
slowdown,2020-07,26
slowdown,2020-08,31
slowdown,2020-09,44
slowdown,2020-10,48
slowdown,2020-11,39
slowdown,2020-12,25
slowdown,2021-01,21
slowdown,2021-02,24
slowdown,2021-03,67
slowdown,2021-04,28
slowdown,2021-05,28
slowdown,2021-06,25
slowdown,2021-07,33
slowdown,2021-08,35
slowdown,2021-09,26
slowdown,2021-10,52
slowdown,2021-11,32
slowdown,2021-12,29
slowdown,2022-01,38
slowdown,2022-02,176
slowdown,2022-03,216
slowdown,2022-04,178
slowdown,2022-05,143
slowdown,2022-06,61
slowdown,2022-07,134
slowdown,2022-08,114
slowdown,2022-09,200
slowdown,2022-10,201
slowdown,2022-11,140
slowdown,2022-12,127
slowdown,2023-01,81
slowdown,2023-02,112
slowdown,2023-03,126
slowdown,2023-04,136
slowdown,2023-05,101
slowdown,2023-06,180
slowdown,2023-07,124
slowdown,2023-08,141
slowdown,2023-09,120
slowdown,2023-10,109
slowdown,2023-11,94
slowdown,2023-12,92
slowdown,2024-01,89
slowdown,2024-02,100
slowdown,2024-03,136
slowdown,2024-04,143
slowdown,2024-05,153
slowdown,2024-06,181
slowdown,2024-07,189
slowdown,2024-08,180
slowdown,2024-09,188
slowdown,2024-10,173
slowdown,2024-11,171
slowdown,2024-12,170
slowdown,2025-01,113
slowdown,2025-02,142
slowdown,2025-03,136
slowdown,2025-04,180
slowdown,2025-05,119
slowdown,2025-06,132
slowdown,2025-07,129
slowdown,2025-08,145
slowdown,2025-09,131
slowdown,2025-10,160
slowdown,2025-11,101
slowdown,2025-12,144
slowdown,2026-01,141
slowdown,2026-02,476
slowdown,2026-03,264
slowdown,2026-04,123
sovbez,2016-11,3
sovbez,2016-12,2
sovbez,2017-01,2
sovbez,2017-02,2
sovbez,2017-04,5
sovbez,2017-05,4
sovbez,2017-06,1
sovbez,2017-07,1
sovbez,2017-08,3
sovbez,2017-09,2
sovbez,2017-10,6
sovbez,2017-11,2
sovbez,2017-12,5
sovbez,2018-01,6
sovbez,2018-02,11
sovbez,2018-03,3
sovbez,2018-04,31
sovbez,2018-05,11
sovbez,2018-06,3
sovbez,2018-08,10
sovbez,2018-09,7
sovbez,2018-10,8
sovbez,2018-11,12
sovbez,2018-12,6
sovbez,2019-01,9
sovbez,2019-02,3
sovbez,2019-03,12
sovbez,2019-04,12
sovbez,2019-05,3
sovbez,2019-06,13
sovbez,2019-07,14
sovbez,2019-08,8
sovbez,2019-09,8
sovbez,2019-10,16
sovbez,2019-11,14
sovbez,2019-12,11
sovbez,2020-01,68
sovbez,2020-02,41
sovbez,2020-03,16
sovbez,2020-04,10
sovbez,2020-05,15
sovbez,2020-06,18
sovbez,2020-07,40
sovbez,2020-08,38
sovbez,2020-09,41
sovbez,2020-10,39
sovbez,2020-11,18
sovbez,2020-12,33
sovbez,2021-01,18
sovbez,2021-02,15
sovbez,2021-03,41
sovbez,2021-04,40
sovbez,2021-05,57
sovbez,2021-06,17
sovbez,2021-07,23
sovbez,2021-08,35
sovbez,2021-09,15
sovbez,2021-10,27
sovbez,2021-11,44
sovbez,2021-12,27
sovbez,2022-01,85
sovbez,2022-02,271
sovbez,2022-03,219
sovbez,2022-04,185
sovbez,2022-05,166
sovbez,2022-06,126
sovbez,2022-07,62
sovbez,2022-08,128
sovbez,2022-09,216
sovbez,2022-10,321
sovbez,2022-11,178
sovbez,2022-12,167
sovbez,2023-01,126
sovbez,2023-02,136
sovbez,2023-03,237
sovbez,2023-04,148
sovbez,2023-05,139
sovbez,2023-06,160
sovbez,2023-07,134
sovbez,2023-08,76
sovbez,2023-09,188
sovbez,2023-10,170
sovbez,2023-11,75
sovbez,2023-12,87
sovbez,2024-01,120
sovbez,2024-02,81
sovbez,2024-03,155
sovbez,2024-04,155
sovbez,2024-05,161
sovbez,2024-06,98
sovbez,2024-07,97
sovbez,2024-08,112
sovbez,2024-09,160
sovbez,2024-10,132
sovbez,2024-11,102
sovbez,2024-12,102
sovbez,2025-01,57
sovbez,2025-02,61
sovbez,2025-03,80
sovbez,2025-04,70
sovbez,2025-05,98
sovbez,2025-06,133
sovbez,2025-07,49
sovbez,2025-08,92
sovbez,2025-09,104
sovbez,2025-10,73
sovbez,2025-11,135
sovbez,2025-12,82
sovbez,2026-01,91
sovbez,2026-02,93
sovbez,2026-03,110
sovbez,2026-04,63
sovet_bezopasnosti,2016-11,1
sovet_bezopasnosti,2016-12,4
sovet_bezopasnosti,2017-01,1
sovet_bezopasnosti,2017-03,1
sovet_bezopasnosti,2017-04,3
sovet_bezopasnosti,2017-05,2
sovet_bezopasnosti,2017-06,2
sovet_bezopasnosti,2017-07,2
sovet_bezopasnosti,2017-08,1
sovet_bezopasnosti,2017-09,2
sovet_bezopasnosti,2017-10,4
sovet_bezopasnosti,2017-11,2
sovet_bezopasnosti,2017-12,6
sovet_bezopasnosti,2018-01,2
sovet_bezopasnosti,2018-02,6
sovet_bezopasnosti,2018-03,9
sovet_bezopasnosti,2018-04,18
sovet_bezopasnosti,2018-05,1
sovet_bezopasnosti,2018-06,7
sovet_bezopasnosti,2018-07,2
sovet_bezopasnosti,2018-08,4
sovet_bezopasnosti,2018-09,6
sovet_bezopasnosti,2018-10,4
sovet_bezopasnosti,2018-11,16
sovet_bezopasnosti,2018-12,4
sovet_bezopasnosti,2019-01,7
sovet_bezopasnosti,2019-02,8
sovet_bezopasnosti,2019-03,7
sovet_bezopasnosti,2019-04,14
sovet_bezopasnosti,2019-05,4
sovet_bezopasnosti,2019-06,9
sovet_bezopasnosti,2019-07,18
sovet_bezopasnosti,2019-08,8
sovet_bezopasnosti,2019-09,8
sovet_bezopasnosti,2019-10,15
sovet_bezopasnosti,2019-11,16
sovet_bezopasnosti,2019-12,5
sovet_bezopasnosti,2020-01,69
sovet_bezopasnosti,2020-02,48
sovet_bezopasnosti,2020-03,23
sovet_bezopasnosti,2020-04,7
sovet_bezopasnosti,2020-05,23
sovet_bezopasnosti,2020-06,13
sovet_bezopasnosti,2020-07,12
sovet_bezopasnosti,2020-08,28
sovet_bezopasnosti,2020-09,34
sovet_bezopasnosti,2020-10,29
sovet_bezopasnosti,2020-11,13
sovet_bezopasnosti,2020-12,26
sovet_bezopasnosti,2021-01,11
sovet_bezopasnosti,2021-02,10
sovet_bezopasnosti,2021-03,14
sovet_bezopasnosti,2021-04,31
sovet_bezopasnosti,2021-05,48
sovet_bezopasnosti,2021-06,26
sovet_bezopasnosti,2021-07,15
sovet_bezopasnosti,2021-08,38
sovet_bezopasnosti,2021-09,28
sovet_bezopasnosti,2021-10,34
sovet_bezopasnosti,2021-11,35
sovet_bezopasnosti,2021-12,14
sovet_bezopasnosti,2022-01,80
sovet_bezopasnosti,2022-02,168
sovet_bezopasnosti,2022-03,120
sovet_bezopasnosti,2022-04,84
sovet_bezopasnosti,2022-05,87
sovet_bezopasnosti,2022-06,68
sovet_bezopasnosti,2022-07,38
sovet_bezopasnosti,2022-08,51
sovet_bezopasnosti,2022-09,106
sovet_bezopasnosti,2022-10,160
sovet_bezopasnosti,2022-11,110
sovet_bezopasnosti,2022-12,84
sovet_bezopasnosti,2023-01,54
sovet_bezopasnosti,2023-02,90
sovet_bezopasnosti,2023-03,86
sovet_bezopasnosti,2023-04,68
sovet_bezopasnosti,2023-05,65
sovet_bezopasnosti,2023-06,73
sovet_bezopasnosti,2023-07,74
sovet_bezopasnosti,2023-08,41
sovet_bezopasnosti,2023-09,78
sovet_bezopasnosti,2023-10,106
sovet_bezopasnosti,2023-11,55
sovet_bezopasnosti,2023-12,47
sovet_bezopasnosti,2024-01,79
sovet_bezopasnosti,2024-02,37
sovet_bezopasnosti,2024-03,87
sovet_bezopasnosti,2024-04,88
sovet_bezopasnosti,2024-05,92
sovet_bezopasnosti,2024-06,92
sovet_bezopasnosti,2024-07,40
sovet_bezopasnosti,2024-08,95
sovet_bezopasnosti,2024-09,128
sovet_bezopasnosti,2024-10,76
sovet_bezopasnosti,2024-11,74
sovet_bezopasnosti,2024-12,69
sovet_bezopasnosti,2025-01,55
sovet_bezopasnosti,2025-02,41
sovet_bezopasnosti,2025-03,73
sovet_bezopasnosti,2025-04,60
sovet_bezopasnosti,2025-05,58
sovet_bezopasnosti,2025-06,83
sovet_bezopasnosti,2025-07,42
sovet_bezopasnosti,2025-08,71
sovet_bezopasnosti,2025-09,63
sovet_bezopasnosti,2025-10,45
sovet_bezopasnosti,2025-11,95
sovet_bezopasnosti,2025-12,38
sovet_bezopasnosti,2026-01,80
sovet_bezopasnosti,2026-02,49
sovet_bezopasnosti,2026-03,56
sovet_bezopasnosti,2026-04,63
svintsov,2017-01,1
svintsov,2017-06,1
svintsov,2017-10,1
svintsov,2017-11,1
svintsov,2017-12,2
svintsov,2018-04,1
svintsov,2018-05,1
svintsov,2018-11,2
svintsov,2019-01,2
svintsov,2019-02,2
svintsov,2019-04,1
svintsov,2019-05,2
svintsov,2020-01,1
svintsov,2020-03,1
svintsov,2020-04,2
svintsov,2020-05,1
svintsov,2020-08,1
svintsov,2020-09,1
svintsov,2021-01,1
svintsov,2021-02,1
svintsov,2021-03,1
svintsov,2021-04,1
svintsov,2021-07,1
svintsov,2021-08,1
svintsov,2021-09,2
svintsov,2021-10,1
svintsov,2022-02,2
svintsov,2022-03,8
svintsov,2022-04,1
svintsov,2022-06,1
svintsov,2022-08,1
svintsov,2022-09,4
svintsov,2022-10,1
svintsov,2022-12,3
svintsov,2023-03,4
svintsov,2023-04,1
svintsov,2023-05,1
svintsov,2023-06,4
svintsov,2023-07,1
svintsov,2023-09,5
svintsov,2023-10,2
svintsov,2023-11,4
svintsov,2023-12,3
svintsov,2024-01,4
svintsov,2024-02,1
svintsov,2024-03,8
svintsov,2024-04,1
svintsov,2024-05,3
svintsov,2024-06,1
svintsov,2024-07,3
svintsov,2024-08,7
svintsov,2024-09,2
svintsov,2024-10,6
svintsov,2024-11,3
svintsov,2024-12,6
svintsov,2025-01,2
svintsov,2025-02,1
svintsov,2025-03,6
svintsov,2025-05,4
svintsov,2025-06,1
svintsov,2025-08,7
svintsov,2025-09,6
svintsov,2025-10,5
svintsov,2025-11,2
svintsov,2025-12,11
svintsov,2026-01,19
svintsov,2026-02,27
svintsov,2026-03,117
svintsov,2026-04,7
telegram_cyr,2016-10,1
telegram_cyr,2017-01,3
telegram_cyr,2017-02,6
telegram_cyr,2017-03,16
telegram_cyr,2017-04,11
telegram_cyr,2017-05,11
telegram_cyr,2017-06,4
telegram_cyr,2017-07,9
telegram_cyr,2017-08,4
telegram_cyr,2017-09,50
telegram_cyr,2017-10,56
telegram_cyr,2017-11,29
telegram_cyr,2017-12,52
telegram_cyr,2018-01,53
telegram_cyr,2018-02,38
telegram_cyr,2018-03,79
telegram_cyr,2018-04,190
telegram_cyr,2018-05,103
telegram_cyr,2018-06,58
telegram_cyr,2018-07,62
telegram_cyr,2018-08,74
telegram_cyr,2018-09,119
telegram_cyr,2018-10,88
telegram_cyr,2018-11,138
telegram_cyr,2018-12,128
telegram_cyr,2019-01,99
telegram_cyr,2019-02,78
telegram_cyr,2019-03,108
telegram_cyr,2019-04,80
telegram_cyr,2019-05,70
telegram_cyr,2019-06,115
telegram_cyr,2019-07,231
telegram_cyr,2019-08,250
telegram_cyr,2019-09,149
telegram_cyr,2019-10,195
telegram_cyr,2019-11,148
telegram_cyr,2019-12,158
telegram_cyr,2020-01,155
telegram_cyr,2020-02,169
telegram_cyr,2020-03,207
telegram_cyr,2020-04,168
telegram_cyr,2020-05,235
telegram_cyr,2020-06,164
telegram_cyr,2020-07,164
telegram_cyr,2020-08,252
telegram_cyr,2020-09,211
telegram_cyr,2020-10,252
telegram_cyr,2020-11,268
telegram_cyr,2020-12,264
telegram_cyr,2021-01,291
telegram_cyr,2021-02,191
telegram_cyr,2021-03,178
telegram_cyr,2021-04,178
telegram_cyr,2021-05,208
telegram_cyr,2021-06,145
telegram_cyr,2021-07,148
telegram_cyr,2021-08,160
telegram_cyr,2021-09,183
telegram_cyr,2021-10,213
telegram_cyr,2021-11,200
telegram_cyr,2021-12,188
telegram_cyr,2022-01,192
telegram_cyr,2022-02,415
telegram_cyr,2022-03,889
telegram_cyr,2022-04,778
telegram_cyr,2022-05,546
telegram_cyr,2022-06,509
telegram_cyr,2022-07,591
telegram_cyr,2022-08,477
telegram_cyr,2022-09,688
telegram_cyr,2022-10,805
telegram_cyr,2022-11,632
telegram_cyr,2022-12,466
telegram_cyr,2023-01,615
telegram_cyr,2023-02,580
telegram_cyr,2023-03,624
telegram_cyr,2023-04,547
telegram_cyr,2023-05,683
telegram_cyr,2023-06,730
telegram_cyr,2023-07,603
telegram_cyr,2023-08,575
telegram_cyr,2023-09,708
telegram_cyr,2023-10,729
telegram_cyr,2023-11,723
telegram_cyr,2023-12,688
telegram_cyr,2024-01,612
telegram_cyr,2024-02,683
telegram_cyr,2024-03,707
telegram_cyr,2024-04,596
telegram_cyr,2024-05,757
telegram_cyr,2024-06,759
telegram_cyr,2024-07,712
telegram_cyr,2024-08,941
telegram_cyr,2024-09,672
telegram_cyr,2024-10,582
telegram_cyr,2024-11,552
telegram_cyr,2024-12,636
telegram_cyr,2025-01,515
telegram_cyr,2025-02,420
telegram_cyr,2025-03,518
telegram_cyr,2025-04,494
telegram_cyr,2025-05,398
telegram_cyr,2025-06,372
telegram_cyr,2025-07,413
telegram_cyr,2025-08,384
telegram_cyr,2025-09,341
telegram_cyr,2025-10,423
telegram_cyr,2025-11,388
telegram_cyr,2025-12,361
telegram_cyr,2026-01,365
telegram_cyr,2026-02,928
telegram_cyr,2026-03,697
telegram_cyr,2026-04,353
telegram_lat,2016-08,1
telegram_lat,2017-01,1
telegram_lat,2017-02,2
telegram_lat,2017-03,2
telegram_lat,2017-04,3
telegram_lat,2017-05,4
telegram_lat,2017-06,13
telegram_lat,2017-07,5
telegram_lat,2017-08,13
telegram_lat,2017-09,6
telegram_lat,2017-10,29
telegram_lat,2017-11,12
telegram_lat,2017-12,26
telegram_lat,2018-01,22
telegram_lat,2018-02,24
telegram_lat,2018-03,30
telegram_lat,2018-04,156
telegram_lat,2018-05,59
telegram_lat,2018-06,23
telegram_lat,2018-07,25
telegram_lat,2018-08,27
telegram_lat,2018-09,51
telegram_lat,2018-10,40
telegram_lat,2018-11,43
telegram_lat,2018-12,42
telegram_lat,2019-01,25
telegram_lat,2019-02,22
telegram_lat,2019-03,40
telegram_lat,2019-04,48
telegram_lat,2019-05,26
telegram_lat,2019-06,43
telegram_lat,2019-07,56
telegram_lat,2019-08,105
telegram_lat,2019-09,61
telegram_lat,2019-10,55
telegram_lat,2019-11,68
telegram_lat,2019-12,71
telegram_lat,2020-01,58
telegram_lat,2020-02,78
telegram_lat,2020-03,137
telegram_lat,2020-04,115
telegram_lat,2020-05,92
telegram_lat,2020-06,182
telegram_lat,2020-07,142
telegram_lat,2020-08,193
telegram_lat,2020-09,187
telegram_lat,2020-10,209
telegram_lat,2020-11,123
telegram_lat,2020-12,149
telegram_lat,2021-01,199
telegram_lat,2021-02,174
telegram_lat,2021-03,152
telegram_lat,2021-04,133
telegram_lat,2021-05,139
telegram_lat,2021-06,103
telegram_lat,2021-07,90
telegram_lat,2021-08,120
telegram_lat,2021-09,138
telegram_lat,2021-10,131
telegram_lat,2021-11,119
telegram_lat,2021-12,141
telegram_lat,2022-01,177
telegram_lat,2022-02,299
telegram_lat,2022-03,565
telegram_lat,2022-04,564
telegram_lat,2022-05,571
telegram_lat,2022-06,517
telegram_lat,2022-07,464
telegram_lat,2022-08,628
telegram_lat,2022-09,571
telegram_lat,2022-10,618
telegram_lat,2022-11,539
telegram_lat,2022-12,456
telegram_lat,2023-01,482
telegram_lat,2023-02,421
telegram_lat,2023-03,590
telegram_lat,2023-04,628
telegram_lat,2023-05,691
telegram_lat,2023-06,643
telegram_lat,2023-07,544
telegram_lat,2023-08,585
telegram_lat,2023-09,595
telegram_lat,2023-10,637
telegram_lat,2023-11,529
telegram_lat,2023-12,469
telegram_lat,2024-01,482
telegram_lat,2024-02,1606
telegram_lat,2024-03,2609
telegram_lat,2024-04,2464
telegram_lat,2024-05,2331
telegram_lat,2024-06,2085
telegram_lat,2024-07,2221
telegram_lat,2024-08,2447
telegram_lat,2024-09,766
telegram_lat,2024-10,669
telegram_lat,2024-11,517
telegram_lat,2024-12,529
telegram_lat,2025-01,287
telegram_lat,2025-02,276
telegram_lat,2025-03,343
telegram_lat,2025-04,314
telegram_lat,2025-05,533
telegram_lat,2025-06,324
telegram_lat,2025-07,384
telegram_lat,2025-08,1321
telegram_lat,2025-09,2236
telegram_lat,2025-10,2793
telegram_lat,2025-11,2869
telegram_lat,2025-12,1144
telegram_lat,2026-01,1072
telegram_lat,2026-02,1378
telegram_lat,2026-03,1704
telegram_lat,2026-04,1541
tspu,2025-01,2
tspu,2025-04,1
tspu,2025-06,1
tspu,2025-10,1
tspu,2025-12,1
tspu,2026-02,3
tspu,2026-03,5
tspu,2026-04,11
vaino,2017-09,1
vaino,2017-10,1
vaino,2017-11,1
vaino,2017-12,2
vaino,2018-02,3
vaino,2018-03,1
vaino,2018-04,1
vaino,2018-06,1
vaino,2018-08,1
vaino,2018-09,1
vaino,2018-10,1
vaino,2018-12,1
vaino,2019-01,1
vaino,2019-03,3
vaino,2019-04,2
vaino,2019-06,1
vaino,2019-07,3
vaino,2019-08,1
vaino,2019-09,1
vaino,2019-10,2
vaino,2019-11,2
vaino,2019-12,1
vaino,2020-01,3
vaino,2020-02,4
vaino,2020-03,3
vaino,2020-04,5
vaino,2020-05,1
vaino,2020-07,1
vaino,2020-08,2
vaino,2020-09,5
vaino,2020-10,2
vaino,2020-11,3
vaino,2020-12,1
vaino,2021-01,4
vaino,2021-02,1
vaino,2021-03,1
vaino,2021-05,3
vaino,2021-06,1
vaino,2021-07,1
vaino,2021-08,2
vaino,2021-09,1
vaino,2021-10,2
vaino,2021-11,2
vaino,2021-12,1
vaino,2022-01,4
vaino,2022-02,12
vaino,2022-03,12
vaino,2022-04,10
vaino,2022-05,4
vaino,2022-06,13
vaino,2022-07,5
vaino,2022-08,15
vaino,2022-09,11
vaino,2022-10,3
vaino,2022-11,1
vaino,2022-12,3
vaino,2023-01,2
vaino,2023-02,6
vaino,2023-03,2
vaino,2023-04,6
vaino,2023-05,10
vaino,2023-06,31
vaino,2023-07,6
vaino,2023-08,5
vaino,2023-09,5
vaino,2023-10,2
vaino,2023-11,8
vaino,2023-12,10
vaino,2024-01,11
vaino,2024-02,5
vaino,2024-03,1
vaino,2024-04,3
vaino,2024-05,25
vaino,2024-06,1
vaino,2024-07,15
vaino,2024-08,5
vaino,2024-09,5
vaino,2024-10,14
vaino,2024-11,2
vaino,2024-12,4
vaino,2025-01,13
vaino,2025-02,2
vaino,2025-03,3
vaino,2025-04,6
vaino,2025-05,7
vaino,2025-06,2
vaino,2025-07,3
vaino,2025-08,4
vaino,2025-09,3
vaino,2025-10,6
vaino,2025-11,1
vaino,2025-12,2
vaino,2026-01,4
vaino,2026-02,1
vaino,2026-03,2
vaino,2026-04,3
volodin,2017-02,1
volodin,2017-03,4
volodin,2017-04,1
volodin,2017-07,2
volodin,2017-08,4
volodin,2017-09,1
volodin,2017-10,6
volodin,2017-11,1
volodin,2017-12,3
volodin,2018-01,2
volodin,2018-02,4
volodin,2018-03,5
volodin,2018-04,7
volodin,2018-05,6
volodin,2018-06,2
volodin,2018-07,2
volodin,2018-08,11
volodin,2018-09,2
volodin,2018-11,1
volodin,2018-12,8
volodin,2019-01,5
volodin,2019-03,2
volodin,2019-04,6
volodin,2019-05,3
volodin,2019-06,2
volodin,2019-07,11
volodin,2019-08,8
volodin,2019-09,5
volodin,2019-10,6
volodin,2019-11,8
volodin,2019-12,6
volodin,2020-01,30
volodin,2020-02,15
volodin,2020-03,19
volodin,2020-04,6
volodin,2020-05,8
volodin,2020-06,8
volodin,2020-07,7
volodin,2020-08,5
volodin,2020-09,12
volodin,2020-10,15
volodin,2020-11,4
volodin,2020-12,5
volodin,2021-01,10
volodin,2021-02,12
volodin,2021-03,17
volodin,2021-04,23
volodin,2021-05,9
volodin,2021-06,12
volodin,2021-07,8
volodin,2021-08,15
volodin,2021-09,9
volodin,2021-10,14
volodin,2021-11,28
volodin,2021-12,21
volodin,2022-01,28
volodin,2022-02,151
volodin,2022-03,148
volodin,2022-04,98
volodin,2022-05,145
volodin,2022-06,76
volodin,2022-07,95
volodin,2022-08,50
volodin,2022-09,99
volodin,2022-10,84
volodin,2022-11,55
volodin,2022-12,83
volodin,2023-01,105
volodin,2023-02,57
volodin,2023-03,80
volodin,2023-04,58
volodin,2023-05,70
volodin,2023-06,90
volodin,2023-07,86
volodin,2023-08,33
volodin,2023-09,42
volodin,2023-10,84
volodin,2023-11,30
volodin,2023-12,28
volodin,2024-01,71
volodin,2024-02,61
volodin,2024-03,32
volodin,2024-04,17
volodin,2024-05,94
volodin,2024-06,65
volodin,2024-07,87
volodin,2024-08,20
volodin,2024-09,88
volodin,2024-10,70
volodin,2024-11,77
volodin,2024-12,63
volodin,2025-01,57
volodin,2025-02,62
volodin,2025-03,28
volodin,2025-04,31
volodin,2025-05,25
volodin,2025-06,37
volodin,2025-07,44
volodin,2025-08,48
volodin,2025-09,25
volodin,2025-10,21
volodin,2025-11,33
volodin,2025-12,24
volodin,2026-01,32
volodin,2026-02,19
volodin,2026-03,20
volodin,2026-04,15
vpn,2017-07,1
vpn,2017-09,1
vpn,2017-10,3
vpn,2017-11,5
vpn,2017-12,1
vpn,2018-02,1
vpn,2018-03,2
vpn,2018-04,39
vpn,2018-05,4
vpn,2018-07,3
vpn,2018-09,1
vpn,2018-12,3
vpn,2019-01,1
vpn,2019-04,3
vpn,2019-05,1
vpn,2019-07,8
vpn,2019-08,3
vpn,2019-09,4
vpn,2019-10,5
vpn,2019-11,1
vpn,2020-01,6
vpn,2020-02,3
vpn,2020-03,1
vpn,2020-04,3
vpn,2020-05,4
vpn,2020-06,2
vpn,2020-07,4
vpn,2020-08,7
vpn,2020-09,1
vpn,2020-10,1
vpn,2020-11,2
vpn,2020-12,2
vpn,2021-02,2
vpn,2021-03,5
vpn,2021-05,1
vpn,2021-06,2
vpn,2021-07,4
vpn,2021-08,6
vpn,2021-09,4
vpn,2021-10,1
vpn,2021-11,1
vpn,2021-12,2
vpn,2022-01,3
vpn,2022-02,4
vpn,2022-03,74
vpn,2022-04,20
vpn,2022-05,19
vpn,2022-06,19
vpn,2022-07,12
vpn,2022-08,16
vpn,2022-09,11
vpn,2022-10,9
vpn,2022-11,17
vpn,2022-12,6
vpn,2023-01,11
vpn,2023-02,5
vpn,2023-03,5
vpn,2023-04,15
vpn,2023-05,18
vpn,2023-06,10
vpn,2023-07,3
vpn,2023-08,12
vpn,2023-09,8
vpn,2023-10,12
vpn,2023-11,7
vpn,2023-12,10
vpn,2024-01,22
vpn,2024-02,19
vpn,2024-03,12
vpn,2024-04,9
vpn,2024-05,7
vpn,2024-06,8
vpn,2024-07,20
vpn,2024-08,23
vpn,2024-09,21
vpn,2024-10,33
vpn,2024-11,12
vpn,2024-12,25
vpn,2025-01,10
vpn,2025-02,8
vpn,2025-03,12
vpn,2025-04,13
vpn,2025-05,9
vpn,2025-06,17
vpn,2025-07,123
vpn,2025-08,28
vpn,2025-09,10
vpn,2025-10,20
vpn,2025-11,11
vpn,2025-12,25
vpn,2026-01,30
vpn,2026-02,147
vpn,2026-03,180
vpn,2026-04,229
whatsapp,2017-06,1
whatsapp,2017-09,3
whatsapp,2017-10,2
whatsapp,2017-11,2
whatsapp,2017-12,1
whatsapp,2018-02,1
whatsapp,2018-03,1
whatsapp,2018-04,9
whatsapp,2018-05,3
whatsapp,2018-06,1
whatsapp,2018-08,10
whatsapp,2018-09,8
whatsapp,2018-10,4
whatsapp,2018-11,6
whatsapp,2018-12,6
whatsapp,2019-01,1
whatsapp,2019-02,2
whatsapp,2019-03,8
whatsapp,2019-04,5
whatsapp,2019-05,2
whatsapp,2019-06,1
whatsapp,2019-07,8
whatsapp,2019-08,10
whatsapp,2019-09,7
whatsapp,2019-10,14
whatsapp,2019-11,17
whatsapp,2019-12,10
whatsapp,2020-01,14
whatsapp,2020-02,10
whatsapp,2020-03,29
whatsapp,2020-04,31
whatsapp,2020-05,9
whatsapp,2020-06,6
whatsapp,2020-07,2
whatsapp,2020-08,14
whatsapp,2020-09,9
whatsapp,2020-10,7
whatsapp,2020-11,11
whatsapp,2020-12,12
whatsapp,2021-01,30
whatsapp,2021-02,13
whatsapp,2021-03,14
whatsapp,2021-04,9
whatsapp,2021-05,23
whatsapp,2021-06,14
whatsapp,2021-07,8
whatsapp,2021-08,9
whatsapp,2021-09,8
whatsapp,2021-10,50
whatsapp,2021-11,14
whatsapp,2021-12,12
whatsapp,2022-01,19
whatsapp,2022-02,30
whatsapp,2022-03,144
whatsapp,2022-04,88
whatsapp,2022-05,68
whatsapp,2022-06,59
whatsapp,2022-07,47
whatsapp,2022-08,33
whatsapp,2022-09,57
whatsapp,2022-10,94
whatsapp,2022-11,64
whatsapp,2022-12,45
whatsapp,2023-01,55
whatsapp,2023-02,37
whatsapp,2023-03,44
whatsapp,2023-04,46
whatsapp,2023-05,43
whatsapp,2023-06,44
whatsapp,2023-07,29
whatsapp,2023-08,27
whatsapp,2023-09,51
whatsapp,2023-10,37
whatsapp,2023-11,47
whatsapp,2023-12,20
whatsapp,2024-01,20
whatsapp,2024-02,32
whatsapp,2024-03,36
whatsapp,2024-04,32
whatsapp,2024-05,43
whatsapp,2024-06,27
whatsapp,2024-07,53
whatsapp,2024-08,86
whatsapp,2024-09,45
whatsapp,2024-10,52
whatsapp,2024-11,27
whatsapp,2024-12,74
whatsapp,2025-01,56
whatsapp,2025-02,45
whatsapp,2025-03,98
whatsapp,2025-04,59
whatsapp,2025-05,60
whatsapp,2025-06,65
whatsapp,2025-07,98
whatsapp,2025-08,132
whatsapp,2025-09,71
whatsapp,2025-10,51
whatsapp,2025-11,74
whatsapp,2025-12,40
whatsapp,2026-01,30
whatsapp,2026-02,97
whatsapp,2026-03,66
whatsapp,2026-04,54
white_list,2020-04,1
white_list,2020-05,1
white_list,2020-06,1
white_list,2020-07,3
white_list,2021-07,1
white_list,2021-09,1
white_list,2022-03,1
white_list,2022-05,2
white_list,2022-06,1
white_list,2022-07,2
white_list,2022-09,2
white_list,2022-12,2
white_list,2023-02,3
white_list,2023-04,1
white_list,2023-06,1
white_list,2023-09,1
white_list,2023-11,4
white_list,2024-01,3
white_list,2024-02,7
white_list,2024-03,8
white_list,2024-04,4
white_list,2024-05,3
white_list,2024-06,1
white_list,2024-07,4
white_list,2024-09,5
white_list,2024-10,6
white_list,2024-11,1
white_list,2025-03,1
white_list,2025-06,5
white_list,2025-07,1
white_list,2025-08,4
white_list,2025-09,4
white_list,2025-10,5
white_list,2025-11,27
white_list,2025-12,20
white_list,2026-01,15
white_list,2026-02,62
white_list,2026-03,107
white_list,2026-04,62
youtube,2016-04,13
youtube,2016-05,24
youtube,2016-06,20
youtube,2016-07,22
youtube,2016-08,32
youtube,2016-09,38
youtube,2016-10,28
youtube,2016-11,40
youtube,2016-12,61
youtube,2017-01,45
youtube,2017-02,57
youtube,2017-03,51
youtube,2017-04,61
youtube,2017-05,60
youtube,2017-06,56
youtube,2017-07,58
youtube,2017-08,45
youtube,2017-09,73
youtube,2017-10,79
youtube,2017-11,140
youtube,2017-12,123
youtube,2018-01,113
youtube,2018-02,83
youtube,2018-03,281
youtube,2018-04,344
youtube,2018-05,277
youtube,2018-06,159
youtube,2018-07,197
youtube,2018-08,194
youtube,2018-09,201
youtube,2018-10,212
youtube,2018-11,181
youtube,2018-12,229
youtube,2019-01,214
youtube,2019-02,190
youtube,2019-03,152
youtube,2019-04,121
youtube,2019-05,98
youtube,2019-06,113
youtube,2019-07,265
youtube,2019-08,319
youtube,2019-09,307
youtube,2019-10,435
youtube,2019-11,518
youtube,2019-12,408
youtube,2020-01,288
youtube,2020-02,420
youtube,2020-03,439
youtube,2020-04,494
youtube,2020-05,588
youtube,2020-06,479
youtube,2020-07,537
youtube,2020-08,488
youtube,2020-09,439
youtube,2020-10,376
youtube,2020-11,498
youtube,2020-12,476
youtube,2021-01,528
youtube,2021-02,498
youtube,2021-03,478
youtube,2021-04,475
youtube,2021-05,336
youtube,2021-06,342
youtube,2021-07,297
youtube,2021-08,414
youtube,2021-09,423
youtube,2021-10,382
youtube,2021-11,335
youtube,2021-12,312
youtube,2022-01,279
youtube,2022-02,527
youtube,2022-03,1003
youtube,2022-04,514
youtube,2022-05,321
youtube,2022-06,371
youtube,2022-07,293
youtube,2022-08,272
youtube,2022-09,265
youtube,2022-10,318
youtube,2022-11,239
youtube,2022-12,251
youtube,2023-01,232
youtube,2023-02,291
youtube,2023-03,224
youtube,2023-04,268
youtube,2023-05,255
youtube,2023-06,195
youtube,2023-07,194
youtube,2023-08,262
youtube,2023-09,228
youtube,2023-10,246
youtube,2023-11,232
youtube,2023-12,260
youtube,2024-01,247
youtube,2024-02,269
youtube,2024-03,297
youtube,2024-04,236
youtube,2024-05,248
youtube,2024-06,307
youtube,2024-07,458
youtube,2024-08,335
youtube,2024-09,273
youtube,2024-10,228
youtube,2024-11,233
youtube,2024-12,229
youtube,2025-01,168
youtube,2025-02,181
youtube,2025-03,208
youtube,2025-04,188
youtube,2025-05,138
youtube,2025-06,120
youtube,2025-07,269
youtube,2025-08,654
youtube,2025-09,622
youtube,2025-10,807
youtube,2025-11,656
youtube,2025-12,618
youtube,2026-01,423
youtube,2026-02,520
youtube,2026-03,230
youtube,2026-04,97
zharov,2017-07,1
zharov,2017-09,2
zharov,2017-10,1
zharov,2017-11,1
zharov,2017-12,2
zharov,2018-01,1
zharov,2018-03,1
zharov,2018-04,13
zharov,2018-05,8
zharov,2018-06,3
zharov,2018-07,1
zharov,2018-08,1
zharov,2018-11,1
zharov,2018-12,3
zharov,2019-01,1
zharov,2019-03,1
zharov,2019-04,3
zharov,2019-05,1
zharov,2019-06,5
zharov,2019-07,1
zharov,2019-08,1
zharov,2019-09,2
zharov,2019-11,1
zharov,2019-12,1
zharov,2020-01,2
zharov,2020-02,2
zharov,2020-03,6
zharov,2020-04,1
zharov,2020-06,2
zharov,2020-08,1
zharov,2021-05,1
zharov,2021-06,1
zharov,2021-08,1
zharov,2022-01,2
zharov,2022-02,1
zharov,2022-03,2
zharov,2022-04,3
zharov,2022-05,5
zharov,2022-06,4
zharov,2022-07,2
zharov,2022-08,2
zharov,2022-09,6
zharov,2022-10,6
zharov,2022-12,2
zharov,2023-01,1
zharov,2023-02,2
zharov,2023-03,1
zharov,2023-04,2
zharov,2023-05,1
zharov,2023-06,1
zharov,2023-08,1
zharov,2023-09,1
zharov,2023-10,1
zharov,2023-11,1
zharov,2023-12,5
zharov,2024-01,2
zharov,2024-03,3
zharov,2024-04,1
zharov,2024-06,3
zharov,2024-07,3
zharov,2024-08,2
zharov,2024-09,5
zharov,2024-10,3
zharov,2024-11,4
zharov,2024-12,5
zharov,2025-01,2
zharov,2025-02,3
zharov,2025-03,1
zharov,2025-05,5
zharov,2025-06,10
zharov,2025-07,6
zharov,2025-08,5
zharov,2025-09,1
zharov,2025-10,2
zharov,2025-12,4
zharov,2026-01,2
zharov,2026-03,4
zharov,2026-04,3
