country,count
小楔袗,19625
校泻褉邪懈薪邪,12455
肖褉邪薪褑懈褟,3243
孝褍褉褑懈褟,2606
袠褉邪薪,1643
小械褉斜懈褟,1536
袩芯谢褜褕邪,1451
袗蟹械褉斜邪泄写卸邪薪,1276
袙械薪械褋褍褝谢邪,1149
袣邪蟹邪褏褋褌邪薪,949
小懈褉懈褟,855
肖懈薪谢褟薪写懈褟,691
袘械谢邪褉褍褋褜,657
袘褉邪蟹懈谢懈褟,607
袚褉褍蟹懈褟,557
效械褏懈褟,550
袥懈褌胁邪,433
袣芯谢褍屑斜懈褟,362
袗褉谐械薪褌懈薪邪,323
袪褍屑褘薪懈褟,317
袝谐懈锌械褌,300
袣懈褉谐懈蟹懈褟,278
校蟹斜械泻懈褋褌邪薪,267
袗褉屑械薪懈褟,261
孝邪写卸懈泻懈褋褌邪薪,251
袗褎谐邪薪懈褋褌邪薪,248
袥邪褌胁懈褟,216
袠蟹褉邪懈谢褜,214
袦械泻褋懈泻邪,209
袚械褉屑邪薪懈褟,208
啸芯褉胁邪褌懈褟,205
协褋褌芯薪懈褟,195
袦芯谢写芯胁邪,184
袣褍斜邪,166
小谢芯胁邪泻懈褟,147
袠薪写芯薪械蟹懈褟,138
袘芯谢懈胁懈褟,135
袣懈褌邪泄,112
协泻胁邪写芯褉,112
孝邪泄胁邪薪褜,100
袘芯谢谐邪褉懈褟,94
楔胁械泄褑邪褉懈褟,93
袙械薪谐褉懈褟,91
袦芯薪谐芯谢懈褟,80
袚邪懈褌懈,75
袝胁褉芯锌械泄褋泻懈泄 褋芯褞蟹,69
孝褍褉泻屑械薪懈褋褌邪薪,69
袗谢卸懈褉,66
袧懈谐械褉,66
袠褌邪谢懈褟,62
袙褜械褌薪邪屑,60
袠褉邪泻,60
小械薪械谐邪谢,58
袧懈谐械褉懈褟,54
袚胁懈薪械褟-袘懈褋邪褍,52
袧懈泻邪褉邪谐褍邪,52
效懈谢懈,49
小邪谢褜胁邪写芯褉,47
校谐邪薪写邪,47
楔褉懈-袥邪薪泻邪,47
袘褍褉泻懈薪邪-肖邪褋芯,46
袥邪芯褋,42
袩械褉褍,42
袠薪写懈褟,41
袟懈屑斜邪斜胁械,40
袦邪谢懈,39
袩邪薪邪屑邪,38
袗胁褋褌褉懈褟,37
袥懈胁懈褟,37
袣械薪懈褟,36
袪械褋锌褍斜谢懈泻邪 袣芯褉械褟,34
袠褉谢邪薪写懈褟,31
袣芯褋芯胁芯,31
孝褍薪懈褋,31
袦邪写邪谐邪褋泻邪褉,26
袚邪斜芯薪,25
袚芯薪写褍褉邪褋,25
袨褉谐邪薪懈蟹邪褑懈褟 袨斜褗械写懈薪械薪薪褘褏 袧邪褑懈泄,25
袚邪薪邪,23
袡械屑械薪,23
袣袧袛袪,23
小芯屑邪谢懈,23
小谢芯胁械薪懈褟,22
袩芯褉褌褍谐邪谢懈褟,19
袪褍邪薪写邪,19
袚邪泄邪薪邪,18
协褉懈褌褉械褟,18
袚褉械薪谢邪薪写懈褟,17
袣懈锌褉,17
袩邪泻懈褋褌邪薪,17
袦芯蟹邪屑斜懈泻,15
袗薪谐芯谢邪,14
袣邪屑械褉褍薪,14
芯-胁 小胁. 袝谢械薪褘,14
效械褉薪芯谐芯褉懈褟,13
袚胁邪褌械屑邪谢邪,12
袚褉械褑懈褟,12
袛卸懈斜褍褌懈,12
袣邪薪邪写邪,11
袩邪褉邪谐胁邪泄,11
小邪褍写芯胁褋泻邪褟 袗褉邪胁懈褟,11
袚邪屑斜懈褟,10
袟邪屑斜懈褟,10
袦邪谢邪胁懈,10
袧械锌邪谢,10
孝邪薪蟹邪薪懈褟,10
校褉褍谐胁邪泄,10
协褎懈芯锌懈褟,10
携锌芯薪懈褟,10
袙械谢懈泻芯斜褉懈褌邪薪懈褟,9
袥懈斜械褉懈褟,9
袧邪屑懈斜懈褟,9
袗谢斜邪薪懈褟,8
袘械谢褜谐懈褟,8
袘褍褉褍薪写懈,8
小褜械褉褉邪-袥械芯薪械,8
芯-胁 袪芯卸写械褋褌胁邪,8
袘械薪懈薪,7
袦邪胁褉懈褌邪薪懈褟,7
袘邪薪谐谢邪写械褕,6
袘褉懈褌邪薪褋泻邪褟 褌械褉褉懈褌芯褉懈褟 胁 袠薪写懈泄褋泻芯屑 芯泻械邪薪械,6
袛邪薪懈褟,6
袠芯褉写邪薪懈褟,6
袣邪褌邪褉,6
挟卸薪芯-袗褎褉懈泻邪薪褋泻邪褟 袪械褋锌褍斜谢懈泻邪,6
袘芯褌褋胁邪薪邪,5
袣邪斜芯-袙械褉写械,4
袣邪屑斜芯写卸邪,4
袥懈胁邪薪,4
袦邪谢褜褌邪,4
袧懈写械褉谢邪薪写褘,4
楔胁械褑懈褟,4
袙邪褌懈泻邪薪,3
袛芯屑懈薪懈泻邪薪褋泻邪褟 袪械褋锌褍斜谢懈泻邪,3
袠褋锌邪薪懈褟,3
袦邪胁褉懈泻懈泄,3
袦邪谢褜写懈胁褘,3
袩邪谢邪褍,3
袘芯褋薪懈褟 懈 袚械褉褑械谐芯胁懈薪邪,2
袠褋谢邪薪写懈褟,2
袦邪褉芯泻泻芯,2
袧芯褉胁械谐懈褟,2
小械胁械褉薪邪褟 袦邪泻械写芯薪懈褟,2
小懈薪谐邪锌褍褉,2
小褍褉懈薪邪屑,2
笑械薪褌褉邪谢褜薪芯-袗褎褉懈泻邪薪褋泻邪褟 袪械褋锌褍斜谢懈泻邪,2
袗胁褋褌褉邪谢懈褟,1
袘邪褏褉械泄薪,1
袙邪薪褍邪褌褍,1
袚芯薪泻芯薪谐 (小袗袪),1
袚褉械薪邪写邪,1
袛芯屑懈薪懈泻邪,1
袟邪锌邪写薪邪褟 小邪褏邪褉邪,1
袣懈褉懈斜邪褌懈,1
袣芯褋褌邪-袪懈泻邪,1
袣褍胁械泄褌,1
袥懈褏褌械薪褕褌械泄薪,1
袥褞泻褋械屑斜褍褉谐,1
孝邪懈谢邪薪写,1
芯-胁 袧芯褉褎芯谢泻,1
